keys,en
tx_P2MTN9VDF2,Awakening
tx_RM8HQHF7RZ,{name} has had a realization
tx_YACHZAA3G1,{name} · awakening #{n}
tx_SNYGR0A6D8,What will this awakening bring?
tx_3D94XEY8BS,Nothing can be gained right now. This awakening passes.
tx_VF3M8S8SGS,Upgrade a card
tx_SPHKS5F297,Turn one card of a preset into its upgraded + version
tx_XVEKB2ARPN,Swap a card
tx_MKQQ6S25FH,Trade one card of a preset for one of the new candidates
tx_XRXCJDX7T9,Add a preset
tx_K03F5VX51P,"Gain a new preset of three cards, chosen before each match"
tx_VX5DQ2VWFY,Needs awakening level {n}
tx_C04CSM6AH9,Extra presets are full (max {n})
tx_BBTC2K3EDB,No card left to upgrade
tx_M26N55RWGQ,No candidate to swap in
tx_WVN114Z3KD,Pick a card to upgrade
tx_5Z059Q72G0,Upgraded
tx_FJV4RH5RB5,New candidates
tx_NM2N0G1CX7,Card to replace
tx_CPB8AVTK0N,Pick one card to bring in and one to replace
tx_Y7542JPYWV,Option {n}
tx_9BJC6ABYHM,Pick one new preset
tx_6KTJD01A88,Base
tx_4Z7Q89GAKB,Preset {n}
tx_T07VH8HG79,Awakening pending
tx_WDK4ZJ8X7X,Card presets
tx_2FVH8MVSD4,Active
tx_GWM9Y2YTZE,Match presets
tx_D4QK1WR6H2,Choose the card preset each pilot brings to this match
tx_ZXYEA8CBCF,Enemy
tx_EB4H7Z27VT,Ally
tx_17QG177S23,Ally or enemy
tx_RCF4VQDV88,Enemy or turret
tx_FH23GCJ7EG,Tile
tx_9B4MN85VKK,Outermost turret
tx_59Y5SSGNTR,Enemy turret
tx_9W4J07SVG2,Allied jungle tile
tx_SPEVBRHFR6,Enemy jungle tile
tx_TW91ZYM52K,Jungle tile
tx_15JDB1FGX2,Self
tx_SBYKWG1EES,Global
tx_X86PZPRSKR,{pile} ({n} {plural:n|card|cards})
tx_WBQREDCZ9E,Empty
tx_1MA0RVZENK,Discard pile
tx_R04J09DW7N,Cost -{n}
tx_2E72YD71KC,Preserve {n}
tx_VHMMNFFYWY,Hide
tx_T9F7BYCK53,Show
tx_K7ND1SRGXE,Cancel preserve
tx_ZVPSKT5FFQ,Cancel search
tx_2S6X77XV46,Drop here to preserve
tx_30NPFP40NJ,Drop here to discard
tx_GGSW07BJY4,Absorbed
tx_HDVZNSTZHC,Engage
tx_0967A3YSR1,Engage (AI)
tx_3AHDMYE7KS,Duel
tx_6GB005WWZR,Duel (AI)
tx_5GXNMFJ98M,Victory
tx_HW0K1DQR7J,Defeat
tx_3X3GHP6YPG,Engage Result
tx_X9YH4WJVF4,Turn {n}
tx_677Y9RF7M6,Turn {n} / {total}
tx_58VCZ43AB8,Engage over
tx_PBRWC7X4KR,Turn {n} begins
tx_3PYG9VZV4Q,{name}'s turn
tx_ZSKHJTZV6B,Kills {n}
tx_25TCMGCZEF,Starting positions: the engage begins as shown
tx_RGYZZ6BFJ5,Starting positions
tx_DEJKT3AEGZ,Engage over: both sides wiped out
tx_AP1NR7N7JF,Engage over: enemy wiped out
tx_N96FRD4BSV,Engage over: allies wiped out
tx_0A0WCRAVBT,Engage over: {n} {plural:n|turn|turns} complete
tx_ZGTQ8FD03J,Prey on the Weak x{n}
tx_H9SA47D3DE,Stun
tx_PB324TP8B1,Stunned!
tx_043E3Z38C6,Overclock
tx_SSD270N1SF,Indomitable!
tx_FC0GG3J6N4,-{n}  Turret destroyed
tx_V589CQ8M6Z,Turret T{tier} ({lane})
tx_JKTA5KTT90,Drag the jungler onto the jungle tile to start from
tx_FNC5VVMV4R,Start Battle
tx_RGBVH85TFC,Upgrade · Alpha
tx_16KSEBFD67,"Next time [Stage A] is used, create [Stage B] in hand instead of the deck"
tx_FYHMPX0G5Z,Upgrade · Beta
tx_S2C1ARN50Z,"Next time [Stage B] is used, gain {n} {plural:n|token|tokens}"
tx_MF1RG2XJA7,Upgrade · Gamma
tx_VGZFV8N8KH,"Next time [Stage C] is used, growth points +{pct}%"
tx_RCPH2TXG6X,Herald
tx_XQ2PPDTRRR,Dragon
tx_3Y0ECJAAHT,{name}: taken unopposed by allies
tx_EASJYYJ9SP,{name}: taken unopposed by the enemy
tx_30PGAN3RWM,{name} has appeared! Join the fight?
tx_QWFB45AWP4,Join
tx_3MA5JECS5S,Stay Out
tx_04ERNCHTGZ,Reward: [Herald Subdued] ({n} damage to the outermost enemy turret)
tx_2YWT10DFT0,Reward: add [Dragon Reward] ×{n} to the deck
tx_VZSZS9D73E,Kill -{n}
tx_DX3WCA5MG9,Hit {pct}%
tx_S5J84M5B8R,Hit {pct}% · Repeat
tx_5RVGY55A59,Shield +{n}
tx_W6X01DNJ5J,No skill
tx_R0FZ3M3V8B,Ready
tx_2HPF0T6A3A,Ready in {n} {plural:n|turn|turns}
tx_EAZD697HN6,Tokens {cur} / {max} · uses {cost} {plural:cost|token|tokens}
tx_DG5378RKCJ,Passive · Tokens {cur} / {max}
tx_R7WMPP0AXY,Passive · Always on
tx_H9QM09GHQ8,Manager Traits
tx_E684S0YNFT,Opening strategy points
tx_0SNGNNX6ME,First auto draw
tx_ME11AGHCAW,Hand limit
tx_4K4WMMM811,First card cost
tx_AHZVW1863N,Strategy points boost
tx_2ZDNTZRMY2,Strategy points boost · {delta} every {turns} {plural:turns|turn|turns}
tx_QSR7RXHSHW,MISS
tx_VM0HAXEB2G,Left
tx_01DT4571QV,Center
tx_HA7CEQ5RTH,Right
tx_AGCDAR9R10,Jungle
tx_Y5RE05FJEQ,{name} is being tested...
tx_M6HJ1AQ1K2,pilot stats +{stress_awaken_stat_pct}% for this match
tx_40RE35Z609,pilot stats -{stress_panic_stat_pct}% for this match
tx_E5DCQEEPQP,"Reward: Empowered Herald ({n} damage to the outermost enemy turret in all three lanes, or the enemy base where a lane has none)"
tx_M3X69X2VN9,Reward: Empowered Dragon (+{n}% growth gain for every ally)
tx_RQHDFSN38X,Empowered Herald
tx_CT7HANNW9F,All pilot stats +{n}
tx_WWXBFY3CCH,Training EXP +{n}%
tx_NGS28BKV7X,Salary -{n}
tx_JA0XRDKBW0,Swap pilot card {slot}
tx_9G6D9XEJGY,You don't own this player
tx_3R7MK9D1MX,Reach Lv {level} to rank up
tx_PBKVCHGXV5,Max rank {max} · Break through to go higher
tx_89EPGD3DM8,Already at the highest rank
tx_9FRC0J6AKT,Not enough Rank Stone ({n} needed)
tx_F6X41NRVWG,Level cap Lv {level} · Rank up to go higher
tx_5QJ40QYDDV,Open Engage
tx_PEJVP7QE73,Perfect Opportunity
tx_A2X2F9VGZJ,Duel
tx_VQ04DAZ5GJ,Battle Prep
tx_QVNB16ZNE9,Precise Move
tx_K9P1XXAKB0,Jab
tx_34WZMH2PMR,Precise Strike
tx_D3XHCJSQ2Q,Combo Attack
tx_2GP6TTS10M,Advance
tx_4H967YK04T,Exchange
tx_776D3Q1Y3M,Adjust
tx_JDJEA07GWD,Improvise
tx_BM5WKN24JN,Quick Thinking
tx_PGNJHWFBGF,Focus
tx_HNFK6KRS1T,Preparation
tx_MAN88PYT2D,Adrenaline
tx_KZFBJ3FEKF,Planned Hit
tx_CKREJPGQ7S,Recall
tx_YAX3YY8PT7,Protect
tx_0WNZ31X07V,Plunder
tx_QBTAWRVZAF,Passive Stance
tx_25QEEE26EV,Aggressive Laning
tx_47MSP21TH1,Reconsider
tx_JD1KWMJVTQ,Perfect Finish
tx_NJSN0AWSCP,Plan Ahead
tx_BD6ASECPTG,Bold Cleanup
tx_W6F5647KDY,Solo Performance
tx_45XHV8YWG8,Jungle Farming
tx_3KCFBW35Y2,Herald Subdued
tx_P0VTR51XGE,Dragon Reward
tx_WAFRZPK7XD,Hot Hand
tx_Q8DWCC62FE,Move
tx_4EB1DH0D05,Gold Rush
tx_YD54GSX5PD,Immersion
tx_9WR57DQ007,Warm-up
tx_ZB2RE6V177,Careful Budget
tx_0HH1KWMR10,Growth Acceleration
tx_9EZ0RM1SJE,Showdown
tx_RY4YNF2XGQ,Ambush
tx_8830YJ0Y2M,Reckless Dive
tx_559D68SDYX,Confidence
tx_H4X8Y1CT0H,Clear Mind
tx_4RNAZ0XM3Z,Ready Stance
tx_39VBTD21YR,Engage for {engage} {plural:engage|turn|turns}\nEveryone in range joins
tx_V2PKK7NWT2,Engage for {engage} {plural:engage|turn|turns}\nEveryone in range joins
tx_EC3YQQ5Z38,Engage the target until one of you is killed (max {engage_duel_max_rounds} {plural:engage_duel_max_rounds|turn|turns})
tx_408F44KGGS,Move\nNext engage card cost -{cost_reduce_engage}
tx_NXCKS533Z5,Move\nCost +{self_cost} for the rest of this game
tx_ER4EDPVYGB,Attack
tx_RVEDFKNMDP,Sure-hit attack
tx_D517G4R707,"Attack\nOn hit, repeat this card's effect"
tx_G0C3P5140E,Advance {advance}
tx_W35E68ZQBW,"Draw {draw} {plural:draw|card|cards}, discard {discard} {plural:discard|card|cards}"
tx_SGE785HBXQ,"Draw {draw} {plural:draw|card|cards}, strategy points +{strategy}"
tx_6YQZCE1XNJ,Search {search} {plural:search|card|cards}
tx_QRCN458YD0,Draw {draw} {plural:draw|card|cards}
tx_2QKZF6AP0E,Cards drawn this operation phase cost -{cost_reduce_draw_phase}
tx_Q0E6A1NV2N,All cards in hand cost -{cost_reduce_hand}
tx_K66VVKXS4N,"Strategy points +{strategy}\nAt the start of the next operation phase, strategy points -{strategy_next_phase_abs}"
tx_5N1FY5QTXY,"After use, if you killed an enemy this operation phase, strategy points +{strategy_on_kill}"
tx_VTBGJF968E,Return the target to base
tx_3BNP4XNPK9,Grant the target a shield equal to {shield_pct}% of its HP
tx_4FMSTMSTRG,Steal the growth points left on the target tile
tx_232ZDZ7E24,"Move to the nearest allied turret\nFor {eva_buff_turns} {plural:eva_buff_turns|turn|turns}, battlefield evasion +{eva_buff}%, growth +{growth}%"
tx_TCT401KX2S,Laning stats +{lane_stat}% for {lane_stat_turns} {plural:lane_stat_turns|turn|turns}
tx_P5PQ376FBE,Discard your whole hand\nDraw as many as discarded
tx_F7AA153FS9,Discard your whole hand\nAll allies growth +{growth_until_phase}% until the next operation phase\nEnd the operation phase
tx_M1Z6RYGV59,Preserve {preserve} {plural:preserve|card|cards} in hand until the next operation phase
tx_38HZVJYJCF,"Discard the {discard_right} rightmost {plural:discard_right|card|cards} in hand, draw {draw} {plural:draw|card|cards}"
tx_8H6EH36EGS,"Discard all other pilot cards, then draw {draw} more {plural:draw|card|cards}\nStrategy points +{strategy_each} per card discarded"
tx_2NQ79Z541T,Move
tx_5S3Y4PZWTS,Deal {turret_damage} damage to the chosen outermost enemy turret\nDamage ×{card_herald_unopposed_dmg_mult} if no enemy is on that lane's front line\nAllies in that lane share growth points equal to the damage dealt
tx_078XVRBVH0,"Draw {draw} {plural:draw|card|cards}, target's growth efficiency +{growth_perm}%"
tx_J9JA1A653S,"Draw {draw} {plural:draw|card|cards}, this pilot's growth gain +{growth_perm}%"
tx_VYBKRVFG20,Move
tx_88Z8A3NC37,"While held: growth +{charge*{card_gold_rush_growth_per_token_pct}|tokens×{card_gold_rush_growth_per_token_pct}}%\nUse: cost +{self_cost} for the rest of this game, +{token} {plural:token|token|tokens}"
tx_M56XC3K4QE,"ATK +{atk_pct}%, growth +{growth_perm}%"
tx_TF7GKXEQ30,"ATK +{atk_pct}%, HP +{hp_pct}%\nDraw {draw} {plural:draw|card|cards}"
tx_PPCM4J5N6A,"Growth +{growth}% for {growth_turns} {plural:growth_turns|turn|turns}\nIf it enters your hand during an operation phase, it costs 0 for that operation phase"
tx_Z818WEC9V2,Spend all tokens: growth +{charge*{growth}|charges×{growth}}% for {growth_turns} {plural:growth_turns|turn|turns}
tx_R0XZSX92HN,Engage for {engage} {plural:engage|turn|turns}\nEveryone in range of the target joins
tx_TMRSQNE9TF,"Move and stay there until the next operation phase\nNext operation phase, search {ambush_search} of the caster's engage {plural:ambush_search|card|cards}"
tx_ZHFXJ9NS53,Attack {attack} {plural:attack|time|times}\nThe target attacks the caster {retaliate} {plural:retaliate|time|times}
tx_XPV2PXPJM8,While held: battlefield hit +{card_confidence_hit_bonus_pct}%
tx_697BZYWAQZ,While held: adjacent cards cost -{card_clear_mind_cost_cut}
tx_5SCQTRV4MR,"At the start of the next operation phase, strategy points +{strategy_next_phase}, draw {draw_next_phase} {plural:draw_next_phase|card|cards}"
tx_PVJBQ802WT,Thunderstorm
tx_8HP8T7ZWJH,Skyfall Strike
tx_KQRS8C28PV,Piercing Lightning
tx_DPCYQYKM8T,Cache
tx_6X0N6HY2V2,Scavenger
tx_VT0YVFSN1B,Rocket Punch
tx_GMD6681QQ4,Missile
tx_Q85FY4H0Y8,Missile Prep
tx_RKWEKBZBK8,Precision Bombing
tx_XATHQH86HE,Battlefield Smash
tx_4X8T8S6HGE,Revelation
tx_DSQ6CGA6S8,Bond
tx_THF0ZYMN9Q,Lock-on
tx_TE0PSTKJJM,Terror
tx_2EEB6BCGKR,Destruction
tx_8NQX0Y68PC,Victory Report
tx_EYQZNE1NW1,Rush
tx_SYV9E33WRX,Sprint
tx_2AMBFQ5DN2,Demolish
tx_4VKA1Y7X0Q,Dominant Battlefield
tx_M0YVRG1RY0,Fierce Dash
tx_6W8DBNDV81,Execute
tx_MXK061W02J,Single Strike
tx_J6V9YT8GXW,Sweep
tx_BMYF028YP6,Phantom Snare
tx_5VW7ZEACKY,Chains of War
tx_T8YHK4E2EB,Soul Devour
tx_N4Q0ZN5CKN,Bulk Up
tx_PE59R89094,Start Tracking
tx_JK7E7DN4BE,Assault
tx_FP78KQF9QK,Cutting-edge Guard
tx_B9N6G19DSX,Max Output
tx_V9DQHRBMYN,Initiate
tx_MT4DPTB5BA,Brawl
tx_4A6WP192BM,Pain and Pleasure
tx_E1TWPB7RZ8,Suppression Fight
tx_EB81ECXPRB,Reboot
tx_ZEH286E1N2,Stage A
tx_87G2EA5213,Stage B
tx_M1BAEN8BYC,Stage C
tx_17WNW2JVNR,Prey on the Weak
tx_J5SCAYXA66,Blitz
tx_F2HAFV98VN,Quick Slash
tx_4H3F9C9KFN,Meditation
tx_J9NRQG1N25,Gale
tx_ZV6V2XKA44,Swiftness
tx_FAFVJM0TBH,Hypnosis
tx_84JWQKBGDZ,Alluring Invasion
tx_9BBJK7Y68S,Charm
tx_7BKZ7W8YS1,Attack Order
tx_Y7TG0Z5CFY,Investment
tx_RKCAYN4VKF,Probe
tx_TFAGZYXVFR,Support Guard
tx_J4H3QBV4P8,Guardian
tx_BFZN83RPEC,Smash
tx_QCH88K6QVX,Fatigue
tx_YKWHPG7YP8,Whim
tx_1JSMR4TT01,Balance
tx_R9RC49NARQ,Blue Pill
tx_Z7NQX4ERZG,Red Powder
tx_C9883APGKW,Green Vial
tx_3SCCR3H088,Finger of Death
tx_Y7VQ3CF1M8,Conviction
tx_VADKXBYWKY,Death Sentence
tx_JNPQN78JF0,Attack all enemies on the battlefield
tx_2EM7FR668Z,Attack
tx_8J7JZK60VJ,Attack all enemies and turrets from the allied HQ to the target turret tile\nCreate {mech_turret_kill_deck_cards} {plural:mech_turret_kill_deck_cards|copy|copies} in the deck each time an enemy turret is destroyed
tx_688W5MT4FK,"While held: each time any card is used, gain growth points equal to {mech_cash_rate_pct}% of the caster's growth points"
tx_G8M4271EMY,Search {search_discard} {plural:search_discard|card|cards} from the discard pile
tx_V7VRGW4E2A,"Attack\nOn hit, strategy points +{strategy}, search {search_card_count} [Cache]"
tx_EBV4NATSF5,Spend all tokens: attack all enemies on the target tile {charge|charges} {plural:charge|time|times}
tx_SMQK1K7KVW,Search {search_card_count} [Missile]
tx_2HPG2AS40R,"Attack all enemies and turrets in range of the target\nPer hit, create {gen_hand_count} Exhaust · Volatile [Missile] in hand"
tx_6X4HNDCZ2C,Spend all tokens: attack random enemies on the battlefield {charge+{attack_base}|charges+{attack_base}} {plural:charge+{attack_base}|time|times}
tx_YWSFNSENS1,"While held: each time an enemy takes card damage, attack that enemy (except damage from this card)"
tx_Z2YW81TPE6,The caster and the target [Track] each other until either leaves combat\nChanging the target removes the previous effect
tx_C4VPQGSWCK,Attack every enemy this mech damaged this operation phase
tx_448B4T57NE,"Attack all enemies in range\nIf at least 1 hits, create {gen_hand_count} [Lock-on] in hand"
tx_EPR6SV4YCM,"Attack all enemies in range of the target\nIf at least 1 hits, create {gen_hand_count} [Lock-on] in hand"
tx_FH052PHKSD,"Draw {draw} {plural:draw|card|cards}, strategy points +{strategy}"
tx_NVNVNRV9CV,Move to the target's tile\nEngage for {engage} {plural:engage|turn|turns}
tx_DA9WK7H4XT,Move
tx_NNZJRNHF9P,Attack
tx_CGVRKSDCVG,"Engage for {engage} {plural:engage|turn|turns}\nEveryone in range joins\nIf you survive the engage, create {gen_hand_count} [Demolish] in hand per enemy killed"
tx_GNVN8SF4TQ,"Push {push}\nIf no enemy is in the way, push {push_bonus_clear} more"
tx_YQZZ1NX7CW,Remove this card if under {execute_charge} {plural:execute_charge|token|tokens}\nSpend all tokens: kill a target at or below {execute}% max HP
tx_A7SQ01XZXJ,"Attack\nOn hit, draw {draw} {plural:draw|card|cards}, +{charge} {plural:charge|token|tokens}"
tx_49DTSHJHEX,Move\nThen attack all enemies or turrets in range\n+{charge} {plural:charge|token|tokens} per hit
tx_2V3BT9STT6,Attack {attack} {plural:attack|time|times}
tx_DKVGQXAXNA,"Engage the target for {max(1, chain)|Soul Devour hits} {plural:max(1, chain)|turn|turns}"
tx_WTZJ53SNH7,"Attack all enemies in range\nPer hit, +{charge} {plural:charge|token|tokens} and the caster heals {heal_pct}% HP\n[Chains of War] engage turns increase by the token count"
tx_YPM1FF88MR,Max HP +{max_hp}
tx_D33QNEYP5R,"Attack\nOn hit, [Track] for {track} {plural:track|turn|turns}"
tx_4DX9VJS0JB,Move to the target's tile\nEngage for {engage} {plural:engage|turn|turns}
tx_QTKR6R244D,Heal the target {heal_pct}% of max HP and grant [Reactive Armor] {reactive_armor}
tx_B49ZJVCFRB,Sure-hit attack on all enemies and turrets in range\nGain [Reactive Armor] {reactive_armor} per hit
tx_0RC6TG6RCS,Engage for {engage} {plural:engage|turn|turns}\nEveryone in range joins
tx_9H6E53W0EW,You and the target attack each other {mutual_attack} {plural:mutual_attack|time|times}\nThe target's attacks are sure-hit
tx_AX7SP29R5Z,All enemies on the battlefield make a sure-hit attack on the caster\nStrategy points +{strategy}
tx_4RPBKVD2TC,Engage for {engage} {plural:engage|turn|turns}\nEveryone in range joins
tx_YT04HJAVXS,+{charge} {plural:charge|token|tokens}\nSearch {search_card_count} [Stage A]
tx_K2W48C2P3K,Create {gen_deck_count} [Stage B] in the deck\nGive the target [Mark]
tx_JCFDKSCVXT,"Engage for {engage} {plural:engage|turn|turns} within {engage_self_range} {plural:engage_self_range|tile|tiles} of the enemy with [Mark]\nIf an enemy is killed in the engage, create {phase_b_count} [Stage C] in the deck, otherwise create {phase_b_count} [Stage A]"
tx_5198GDXGZX,"Create {gen_deck_count} [Stage A] in the deck\nChoose one upgrade\nAlpha: next time [Stage A] is used, create [Stage B] in hand instead of the deck\nBeta: next time [Stage B] is used, +{mech_phase_boon_beta_charge} {plural:mech_phase_boon_beta_charge|token|tokens}\nGamma: next time [Stage C] is used, growth points +{mech_phase_boon_gamma_rate_pct}%"
tx_R3NMXP56CN,"While held: when an engage starts, spend all tokens to attack the lowest-HP enemy at {engage_contempt_dmg_mult_pct}% ATK {charge|charges} {plural:charge|time|times}\nDiscarded after that engage ends"
tx_BCN9HQ1Y7D,Search {search_card_count} [Prey on the Weak]\nMove\nThen engage for {engage} {plural:engage|turn|turns}\nEveryone in range joins
tx_8FMSQ09F35,Move\nThen attack all enemies in range
tx_FRGPH6CYX7,Discard all cards left of this one in hand\nDraw as many as discarded
tx_HBEZ5EBKC0,"Discard the {discard_right} rightmost {plural:discard_right|card|cards} in hand, draw {draw} {plural:draw|card|cards}\nMove to the target's position and attack it\nReturn to the previous position when this operation phase ends"
tx_FVZW5PXN3H,Discard the {discard_right} rightmost {plural:discard_right|card|cards} in hand\nAttack again every enemy damaged this operation phase
tx_HP6SF4N2PN,Move the target {move_target} {plural:move_target|tile|tiles}
tx_PKYA2BZD4J,Pull all enemies in range to the caster's tile\nEngage for {engage} {plural:engage|turn|turns}\nEveryone within {engage_self_range} {plural:engage_self_range|tile|tiles} of the caster joins
tx_52YX26E4KK,"For {growth_link} {plural:growth_link|turn|turns}, gain the same growth points the target gains"
tx_77KHMP4PZV,"Each time an ally or enemy is killed, create {mech_death_hand_cards} {plural:mech_death_hand_cards|copy|copies} of this card in hand\nHeal the target {heal_pct}% HP and attack all enemies in range of the target"
tx_ZS7CFWQ0VS,Discard {discard} {plural:discard|card|cards}\nCreate {gen_deck_count} [Attack Order] in the deck
tx_FYQ04QVGFD,"Attack\nOn hit, engage for {engage} {plural:engage|turn|turns} in range of the target; on miss, strategy points +{strategy}"
tx_71ZZ55QRCS,Grant the target a shield equal to {shield_atk}% of the caster's ATK
tx_GC8TZWVVQ1,Grant all allies on the battlefield a shield equal to {shield_atk}% of the caster's ATK
tx_JCJTQREPN3,"If the target damages an enemy in the next engage, [Stun] that enemy\nApplies to the same enemy at most once per engage"
tx_3EM1YTK1F0,"Attack\nOn hit, the target cannot join engages this operation phase"
tx_HNMHMDJQAW,Draw {draw_discard} {plural:draw_discard|card|cards} from the discard pile\nThose cards cost -{draw_discard_cost_reduce} this operation phase
tx_P31PSDYTQK,While held: this mech's other cards don't spend growth points
tx_XW6K7VHSXD,Spend {score_cost} of the caster's growth points; the target's growth efficiency +{growth_eff}% until it leaves the battlefield
tx_3X4DE25KTY,Spend {score_cost} of the caster's growth points; the target's max HP +{max_hp}
tx_EPJQNJA7F7,Spend {score_cost} of the caster's growth points; the target's ATK +{atk_add}
tx_RHE0637Z32,"Until it leaves the battlefield, the target takes +{dmg_taken}% damage and gets a [Bounty] worth {bounty}% of its growth points\nDoes not stack"
tx_70N6FJ3FJ0,Attack\nDeals damage equal to {attack_bounty}% of the target's [Bounty]
tx_1MFHFCFRJE,Pull the target to the caster's tile\nEngage for {engage} {plural:engage|turn|turns}\nEveryone in range joins
tx_JZ97VD5T45,Bulk Up+
tx_XE9DHPQEJM,Max HP +{max_hp}
tx_A2Q3FWXP5M,Assault+
tx_K586DBV6FN,Move to the target's tile\nEngage for {engage} {plural:engage|turn|turns}
tx_CC597DP56V,Cutting-edge Guard+
tx_PD7VM5AXHE,Heal the target {heal_pct}% of max HP and grant [Reactive Armor] {reactive_armor}
tx_NFPGHN7ZHR,Initiate+
tx_GZG45CRAM0,Engage for {engage} {plural:engage|turn|turns}\nEveryone in range joins
tx_3K0P7GYTGB,Brawl+
tx_J5RMJQF0N6,You and the target attack each other {mutual_attack} {plural:mutual_attack|time|times}\nThe target's attacks are sure-hit
tx_DV1RXS0X1N,Suppression Fight+
tx_KPN26AFNV8,Engage for {engage} {plural:engage|turn|turns}\nEveryone in range joins
tx_RCWR35FG9P,Victory Report+
tx_CH3CJG3PWK,"Draw {draw} {plural:draw|card|cards}, strategy points +{strategy}"
tx_05ECQCD8KZ,Rush+
tx_Y9YJNBZHYG,Move to the target's tile\nEngage for {engage} {plural:engage|turn|turns}
tx_DPK4BZFG0S,Sprint+
tx_HZG461P7Q4,Move\nDraw {draw} {plural:draw|card|cards}
tx_TGJWVJR5JR,Fierce Dash+
tx_9WPCZ238JZ,"Push {push}\nIf no enemy is in the way, push {push_bonus_clear} more"
tx_FHE4ABGWPK,Dominant Battlefield+
tx_6Q8X10GJV0,"Engage for {engage} {plural:engage|turn|turns}\nEveryone in range joins\nIf you survive the engage, create {gen_hand_count} [Demolish] in hand per enemy killed"
tx_Z37JECA1CJ,Demolish+
tx_X609XB66A3,Attack
tx_S39W0QN8YC,Single Strike+
tx_QPAFVRFYD1,"Attack\nOn hit, draw {draw} {plural:draw|card|cards}, +{charge} {plural:charge|token|tokens}"
tx_31QTHCDFZF,Sweep+
tx_07Y2E1MTXX,Move\nThen attack all enemies or turrets in range\n+{charge} {plural:charge|token|tokens} per hit
tx_1V35335T2V,Execute+
tx_DH2AXN8DPE,Remove this card if under {execute_charge} {plural:execute_charge|token|tokens}\nSpend all tokens: kill a target at or below {execute}% max HP
tx_GKZ1ZFJQHA,Phantom Snare+
tx_3W0F1RSFTB,Attack {attack} {plural:attack|time|times}
tx_0RSSRHRR36,Reboot+
tx_5Q8F5Q3MCP,+{charge} {plural:charge|token|tokens}\nSearch {search_card_count} [Stage A]
tx_N73HX9PZ6G,Stage B+
tx_A0V88EV4AA,"Engage for {engage} {plural:engage|turn|turns} within {engage_self_range} {plural:engage_self_range|tile|tiles} of the enemy with [Mark]\nIf an enemy is killed in the engage, create {phase_b_count} [Stage C] in the deck, otherwise create {phase_b_count} [Stage A]"
tx_1DJBMWER36,Quick Slash+
tx_4WPBRP047M,Move\nThen attack all enemies in range
tx_SCGQR9B6A6,Prey on the Weak+
tx_Z9JK8GAEQ0,"While held: when an engage starts, spend all tokens to attack the lowest-HP enemy at {engage_contempt_dmg_mult_pct}% ATK {charge|charges} {plural:charge|time|times}\nDiscarded after that engage ends"
tx_9EAJBFQJVF,Blitz+
tx_D9T28SG01T,Search {search_card_count} [Prey on the Weak]\nMove\nThen engage for {engage} {plural:engage|turn|turns}\nEveryone in range joins
tx_ECZZ9WZF5M,Gale+
tx_C3RPF8TPJG,"Discard the {discard_right} rightmost {plural:discard_right|card|cards} in hand, draw {draw} {plural:draw|card|cards}\nMove to the target's position and attack it\nReturn to the previous position when this operation phase ends"
tx_TRG79GWGB9,Swiftness+
tx_SFP4J90R9Y,Discard the {discard_right} rightmost {plural:discard_right|card|cards} in hand\nAttack again every enemy damaged this operation phase
tx_4XE6F2HTQ8,Hypnosis+
tx_FYV7TG9CND,Move the target {move_target} {plural:move_target|tile|tiles}
tx_H3BJ4XHWE5,Charm+
tx_512ED91TF9,"For {growth_link} {plural:growth_link|turn|turns}, gain the same growth points the target gains"
tx_WEBXM7XCK1,Alluring Invasion+
tx_Q0AKY96208,Pull all enemies in range to the caster's tile\nEngage for {engage} {plural:engage|turn|turns}\nEveryone within {engage_self_range} {plural:engage_self_range|tile|tiles} of the caster joins
tx_W7JVVC8XY1,Investment+
tx_7KXMX850TW,Discard {discard} {plural:discard|card|cards}\nCreate {gen_deck_count} [Attack Order] in the deck
tx_7R5G80RC19,Attack Order+
tx_65SA98SJ4Q,"Each time an ally or enemy is killed, create {mech_death_hand_cards} {plural:mech_death_hand_cards|copy|copies} of this card in hand\nHeal the target {heal_pct}% HP and attack all enemies in range of the target"
tx_3R4H4NYZ7T,Probe+
tx_SJRS57V5FN,"Attack\nOn hit, engage for {engage} {plural:engage|turn|turns} in range of the target; on miss, strategy points +{strategy}"
tx_R7575C94N8,Support Guard+
tx_TVG5VVAQ4M,Grant the target a shield equal to {shield_atk}% of the caster's ATK
tx_D036GRATGM,Guardian+
tx_4NP86Z0FQ9,Grant all allies on the battlefield a shield equal to {shield_atk}% of the caster's ATK
tx_TK2KR0BWZJ,Support Guard++
tx_QZNQTB471B,Grant the target a shield equal to {shield_atk}% of the caster's ATK
tx_WE7DZKZ2W9,Fatigue+
tx_3VBN9596WB,"Attack\nOn hit, the target cannot join engages this operation phase"
tx_8AE47DKG31,Whim+
tx_P03D3JNDC6,Draw {draw_discard} {plural:draw_discard|card|cards} from the discard pile\nThose cards cost -{draw_discard_cost_reduce} this operation phase
tx_2XMZQG39HH,Smash+
tx_G2N67CE92B,"If the target damages an enemy in the next engage, [Stun] that enemy\nApplies to the same enemy at most once per engage"
tx_4F07P68HR7,Red Powder+
tx_4M9BGB3BSR,Spend {score_cost} of the caster's growth points; the target's max HP +{max_hp}
tx_WAXV6SG774,Green Vial+
tx_D3JHAMXCWF,Spend {score_cost} of the caster's growth points; the target's ATK +{atk_add}
tx_VEG14GRCC8,Blue Pill+
tx_7MFR4HDM31,Spend {score_cost} of the caster's growth points; the target's growth efficiency +{growth_eff}% until it leaves the battlefield
tx_8A0501SEQF,Conviction+
tx_S0566TVC3N,Attack\nDeals damage equal to {attack_bounty}% of the target's [Bounty]
tx_E99ZBQY56X,Finger of Death+
tx_VTYG95KB5T,"Until it leaves the battlefield, the target takes +{dmg_taken}% damage and gets a [Bounty] worth {bounty}% of its growth points\nDoes not stack"
tx_HBEA3PM245,Death Sentence+
tx_D0J57B8671,Pull the target to the caster's tile\nEngage for {engage} {plural:engage|turn|turns}\nEveryone in range joins
tx_YTB6MM3BN5,Skyfall Strike+
tx_CFV87QA430,Attack
tx_G59QCK78QE,Thunderstorm+
tx_M955S9RJHM,Attack all enemies on the battlefield
tx_6T82HVJRHH,Scavenger+
tx_ZAT1BDHSWG,Search {search_discard} {plural:search_discard|card|cards} from the discard pile
tx_PC7S51RE6M,Rocket Punch+
tx_ZW9G1CSZYT,"Attack\nOn hit, strategy points +{strategy}, search {search_card_count} [Cache]"
tx_SA8BGV2NGQ,Scavenger++
tx_V6MAF90SXW,Search {search_discard} {plural:search_discard|card|cards} from the discard pile
tx_PND91G8FKJ,Missile+
tx_NHNA66P70E,Spend all tokens: attack all enemies on the target tile {charge|charges} {plural:charge|time|times}
tx_4PSR1KAX72,Missile Prep+
tx_G8AMQQDD59,Search {search_card_count} [Missile]
tx_T14KPE6RBJ,Precision Bombing+
tx_MM017581DJ,"Attack all enemies and turrets in range of the target\nPer hit, create {gen_hand_count} Exhaust · Volatile [Missile] in hand"
tx_5F1G3CZBWA,Bond+
tx_P5XP2VGCRN,The caster and the target [Track] each other until either leaves combat\nChanging the target removes the previous effect
tx_764XKZ5X1R,Battlefield Smash+
tx_W5P4RWANWC,Spend all tokens: attack random enemies on the battlefield {charge+{attack_base}|charges+{attack_base}} {plural:charge+{attack_base}|time|times}
tx_0M9XTVT6FW,Battlefield Smash++
tx_FXBB8GSVMW,Spend all tokens: attack random enemies on the battlefield {charge+{attack_base}|charges+{attack_base}} {plural:charge+{attack_base}|time|times}
tx_43GRHHZPYE,Terror+
tx_X0X56P8Q0C,"Attack all enemies in range\nIf at least 1 hits, create {gen_hand_count} [Lock-on] in hand"
tx_VRR6FN92HF,Destruction+
tx_NAQ0QTZAZ3,"Attack all enemies in range of the target\nIf at least 1 hits, create {gen_hand_count} [Lock-on] in hand"
tx_QB61SM28PZ,Open Engage+
tx_3FSESX21J9,Engage for {engage} {plural:engage|turn|turns}\nEveryone in range joins
tx_JZ50SJ63T3,Perfect Opportunity+
tx_CBQ63MM7YW,Engage for {engage} {plural:engage|turn|turns}\nEveryone in range joins
tx_NYB7ZYHPPS,Battle Prep+
tx_36WW7XPFF9,Move\nNext engage card cost -{cost_reduce_engage}
tx_798W2QJ3P5,Precise Move+
tx_CEW1SV939X,Move\nCost +{self_cost} for the rest of this game
tx_8E1DY3VZA8,Jab+
tx_HP8XQ8VYQJ,Attack
tx_217H7VTNPE,Precise Strike+
tx_9TRK49GFR3,Sure-hit attack
tx_N6S9M4NWGG,Combo Attack+
tx_94BH6AYHEN,"Attack\nOn hit, repeat this card's effect"
tx_2GHFSBC8HJ,Advance+
tx_EWN25NPTKH,Advance {advance}
tx_31PY5QXR4R,Exchange+
tx_M8TADDM7JJ,"Draw {draw} {plural:draw|card|cards}, discard {discard} {plural:discard|card|cards}"
tx_9M0FC6C3AN,Adjust+
tx_QJMKVSTBRS,"Draw {draw} {plural:draw|card|cards}, strategy points +{strategy}"
tx_M82HXCWGBM,Improvise+
tx_EF0GCJR3ZE,Search {search} {plural:search|card|cards}
tx_Y34VZKW71R,Quick Thinking+
tx_YNHNJ0HHG1,Draw {draw} {plural:draw|card|cards}
tx_EZPP3JHRDX,Focus+
tx_EMQCJ5V6F4,Cards drawn this operation phase cost -{cost_reduce_draw_phase}
tx_PT8C05X6KK,Preparation+
tx_VC7VADCPBV,All cards in hand cost -{cost_reduce_hand}
tx_2C8ADSMGZH,Adrenaline+
tx_SMMBZEJNJ6,"Strategy points +{strategy}\nAt the start of the next operation phase, strategy points -{strategy_next_phase_abs}"
tx_XAH4EA2AVK,Planned Hit+
tx_DJN6JA6NT0,"After use, if you killed an enemy this operation phase, strategy points +{strategy_on_kill}"
tx_RJ7WEJKPQC,Recall+
tx_W57S84RKSK,Return the target to base\nDraw {draw} {plural:draw|card|cards}
tx_1MKBA7WF7W,Protect+
tx_4JJKAPPA2X,Grant the target a shield equal to {shield_pct}% of its HP
tx_6MJHTTD6N2,Plunder+
tx_0ZH46SV52Z,Steal the growth points left on the target tile
tx_FPENX7791T,Passive Stance+
tx_BGCTK1AXP8,"Move to the nearest allied turret\nFor {eva_buff_turns} {plural:eva_buff_turns|turn|turns}, battlefield evasion +{eva_buff}%, growth +{growth}%"
tx_DHE2W5VNM6,Aggressive Laning+
tx_73T0VKM8AG,Laning stats +{lane_stat}% for {lane_stat_turns} {plural:lane_stat_turns|turn|turns}
tx_5BPD3FHMDZ,Reconsider+
tx_MCD0SBQJ7J,Discard your whole hand\nDraw as many as discarded\nDraw {draw} {plural:draw|card|cards}
tx_B1VC0MJ1ZG,Perfect Finish+
tx_3C7GWQ3T74,Discard your whole hand\nAll allies growth +{growth_until_phase}% until the next operation phase\nEnd the operation phase
tx_S8TFH85S6D,Plan Ahead+
tx_QVDR9QKNRT,Preserve {preserve} {plural:preserve|card|cards} in hand until the next operation phase
tx_QGWWT8N2SW,Bold Cleanup+
tx_W703C4A8C2,"Discard the {discard_right} rightmost {plural:discard_right|card|cards} in hand, draw {draw} {plural:draw|card|cards}"
tx_DXY930098C,Solo Performance+
tx_VPTN20ZRMR,"Discard all other pilot cards, then draw {draw} more {plural:draw|card|cards}\nStrategy points +{strategy_each} per card discarded"
tx_603C4R80RM,Jungle Farming+
tx_YMMKCCYAWN,Move
tx_FXPMEZR6GH,Gold Rush+
tx_MSD1AMRQCA,"While held: growth +{charge*{card_gold_rush_growth_per_token_pct}|tokens×{card_gold_rush_growth_per_token_pct}}%\nUse: cost +{self_cost} for the rest of this game, +{token} {plural:token|token|tokens}"
tx_7BE22AMK9H,Immersion+
tx_P1H18DCN6N,"ATK +{atk_pct}%, growth +{growth_perm}%"
tx_XTHZ7PCG9K,Warm-up+
tx_76BX2KVFZ4,"ATK +{atk_pct}%, HP +{hp_pct}%\nDraw {draw} {plural:draw|card|cards}"
tx_33N11SFKBM,Careful Budget+
tx_XN88VGF8SC,"Growth +{growth}% for {growth_turns} {plural:growth_turns|turn|turns}\nIf it enters your hand during an operation phase, it costs 0 for that operation phase"
tx_0TMYJMSM8J,Growth Acceleration+
tx_9RXJFTHQ2H,Spend all tokens: growth +{charge*{growth}|charges×{growth}}% for {growth_turns} {plural:growth_turns|turn|turns}
tx_81N809KRQ3,Showdown+
tx_73WPSRR4S3,Engage for {engage} {plural:engage|turn|turns}\nEveryone in range of the target joins
tx_QP6H2735DK,Ambush+
tx_MJMMW621WF,"Move and stay there until the next operation phase\nNext operation phase, search {ambush_search} of the caster's engage {plural:ambush_search|card|cards}"
tx_2CMZSSAX00,Reckless Dive+
tx_EYXSRPZG6F,Attack {attack} {plural:attack|time|times}\nThe target attacks the caster {retaliate} {plural:retaliate|time|times}
tx_3G580J7DAT,Confidence+
tx_V8TR0BZ2R9,While held: battlefield hit +{hit_pct}%
tx_AWY5AA18MG,Clear Mind+
tx_8BVTS2D6RG,While held: adjacent cards cost -{cut}
tx_ATJZTWXTHK,Ready Stance+
tx_4PKW6JDBGT,"At the start of the next operation phase, strategy points +{strategy_next_phase}, draw {draw_next_phase} {plural:draw_next_phase|card|cards}"
tx_XJ3733JBC4,Stats
tx_YD2EQQHJ2J,Salary
tx_DWRZXTZQ0S,Growth
tx_H8X320PPVZ,Card
tx_PG7FCBCBZW,Original team {team}
tx_5FY78SBB83,Max Lv {level}
tx_CTQQ4XFQEQ,Breakthrough {n} / {max}
tx_9EZ04GCN4E,Dupes {n}
tx_PN4P0CH5VW,Salary (at Lv {level})
tx_TR71X7EVNB,Max level reached · Total {exp}
tx_3VKTC1NERB,Stats · Lv {level}
tx_2SNR4GA6TY,Stats · Lv {level} · Breakthrough {bt} applied
tx_4W7V6DAZPB,Stats · Lv {level} (when recruited)
tx_0MBQ7AV2G7,Total
tx_KG9T7XN1BP,Duplicates after stage {n} become player shards
tx_YV3JCRK2S2,Reached
tx_6GEAQ9MXY6,Next
tx_HSQ15CV8Y2,Pilot Cards · Swapped by Breakthrough
tx_XACDTDAQPV,You can't level up a player you don't own
tx_BJC1VNRZ53,Already at max level (Lv {level})
tx_BVZ98DQNCY,Not enough level-up currency ({cost} needed · {have} owned)
tx_KQ3ABKZKS0,{have} level-up currency owned · Max level +{pilot_max_level_gain} = +{pilot_max_level_gain} pickable {plural:pilot_max_level_gain|level|levels} in runs
tx_92R8M8EJTT,Level Up  ·  {cost}
tx_97RM66T6H0,Lv {level} · Save failed: {error}
tx_8R6YZ1P81K,Max level Lv {level} reached
tx_2AGPWN10YF,You don't own this player yet.\nRecruit them from the shop's player gacha or buy them with shards.
tx_5MS4DQRXJH,Couldn't read player data: {error}
tx_GMWHDWE858,{name} max level Lv {level}
tx_0QNPGM6VF5,Recruit in the shop
tx_6K04AA443J,Player EXP
tx_JEPJHXHB1A,Training EXP Bonus (Breakthrough)
tx_FN1RTFB39A,Green numbers = vs. Lv1 · before breakthrough
tx_E8MWC8R25R,Breakthrough: one stage per duplicate recruit
tx_MJR84KHMPT,No breakthrough table
tx_YEC6P2JRFH,Player Shards
tx_38WKBM353J,Rank {n} / {max}
tx_9CXWBRZENJ,Level cap Lv {cap} reached
tx_2QZP5PS95J,Salary (Rank {rank} · Lv {level})
tx_92NH0ET51W,Stats · Rank {rank} · Lv {level}
tx_79EBDTRQZ7,Needs breakthrough
tx_T9KPAPA7NX,Each duplicate = breakthrough +1 = max rank +1 (breakthrough cap {cap})
tx_SWHWCBEN9S,At the level cap (Lv {cap}) · rank up to raise it
tx_F3GE3GD4Y1,Top rank {rank} · level cap Lv {cap} reached
tx_0P6XV6T6PS,Rank Up
tx_4KPN3SC2TV,Rank {rank} reached · level cap Lv {cap}
tx_FHD1S4X2ZD,Rank {rank} · Save failed: {error}
tx_G8YWRW7XY3,Lv {level} reached
tx_A773KTFMJ6,Pilot Card · Swapped by Rank
tx_2FR7C7SNP7,{name} Lv {level}
tx_6GJDBMHDQ0,{name} reached Rank {rank}
tx_S02DYG4RPW,Rank: every reached rank applies
tx_HJ1DCGDYTB,No rank table
tx_BWEJSV365E,Green numbers = rank · level bonus
tx_W1P4FE4Q31,Training EXP Bonus (Rank)
tx_BBXCHB19XW,You don't own any players yet. Recruit them in the shop.
tx_S7KK5JW0WZ,Rank Up  ·  {cost}
tx_6G7WNMXNPM,{have} Level-up Currency owned · level cap Lv {cap}
tx_DQSPN4WRKQ,{have} Rank Stone owned · ranking up resets the level to Lv 0
tx_PEVX1H1CBW,Field Training Hall
tx_H3VDTFBMSH,Researches shooting and evasive manoeuvre courses.
tx_382D838KHX,Engage Training Hall
tx_G0KF5BMTXF,Researches engage close-combat and reaction courses.
tx_2C4KQ890GE,Conditioning Room
tx_41K54C3WY5,"Researches firepower, endurance and basic courses."
tx_D7AH9HVCJS,Analysis Room
tx_RQMSXEYBE3,Analyses rival teams in your league.
tx_RCNVE21CH2,Mech Lab
tx_VPSJW87NRZ,Studies a mech to raise your pilots' mastery.
tx_N14277K1J3,Front Office
tx_E5DWVGPFPB,Researches club management. No other facility may exceed its level.
tx_1NR41VEH2P,Personnel Office
tx_YZB146N3AB,Looks for new staff candidates.
tx_RKQKPT7PAA,Unknown facility
tx_W0B4MCSN5H,Cannot exceed the front office level (Lv{level})
tx_3QK260W7GE,All manager slots are in use ({used}/{max})
tx_WJT54F271R,This person cannot be assigned
tx_CVCJVWEBR6,Research can only be chosen at the hub before the week starts
tx_VDTHMREEKN,Unknown research
tx_7NKJAKWHJ2,Requires facility Lv{level}
tx_3YBGXY1Z32,Already researched
tx_DKSM7YDJDC,Choose a research target
tx_YQ3ES89ZDM,This target cannot be chosen
tx_S4FXFA48S2,{facility}: {research} research complete
tx_2DVG79QR47,Vacant
tx_7QVM7MN5FJ,Idle
tx_4EHMAGDXET,Paused
tx_SCR26J543Y,Research per week: {points}
tx_ZZJ4JEHR6S,"Nobody is assigned, so research is on hold"
tx_FCQB0FXWBH,Running {used}/{max} facilities
tx_4KWT3Y97ST,{job} · unassigned
tx_EWYEJXNDAF,{job} · at {facility}
tx_QCKTF34XFA,{stat} {value}
tx_PHJQGAV021,Research and assignments cannot change once the week has started
tx_XACM764WS1,Higher {stat} researches faster · Manager seats {used}/{max}
tx_SYEANH7J80,Lv {level} / {max}
tx_SJMTRAANZT,Upgrade
tx_P8ESMKF2SK,Upgrade {facility}
tx_7160MR6THY,"Lv {from} → Lv {to}
Cost {cost} · paid from the facility fund first, then the balance (available {available})"
tx_X25510VG6B,Lv {level}
tx_23Z9Y1KS27,Lv {level} · capped
tx_36JKVBS5M0,Some facilities have no research
tx_52R5AH08E4,No research is set in {facilities}. Start this week anyway?
tx_8NFBT2ZYEJ,Start anyway
tx_F1XQZ928N8,Back to hub
tx_8YS6JRVTQW,The front's level caps every club facility. No other facility can go above the front.
tx_4SZE7HM5X3,Choose who runs it
tx_Q9RW2F7B52,Leave empty
tx_H1V09QCXSD,Short-Term Training Coach
tx_E731FZHB4R,Tactics Consultant
tx_8SZM4HBC56,Guest Mech Researcher
tx_QGNH785ZPE,External Analyst
tx_2T1ZS1PMZ7,Sports Psychologist
tx_41NF1BRQ61,Financial Advisor
tx_R3NQ6GVQE3,Intensive Camp
tx_28JMZ3Y0KP,Overseas Training Camp
tx_9W9XHD39VW,Ad Campaign
tx_4X4R7Q6VE3,Performance Sponsor
tx_CR5B3MEQ0F,Local Sponsor Deal
tx_CNAP5S2H1J,Defer Maintenance
tx_56NJTYE5NP,Salary Renegotiation
tx_D5VD2D1QSZ,{weeks}-week deal with an outside training coach. Raises the manager's Training stat
tx_781QQNNW5K,Bring in a tactics consultant for {weeks} {plural:weeks|week|weeks}. Raises the manager's Tactics stat
tx_C5S13WVDT1,Bring in a mech researcher for {weeks} {plural:weeks|week|weeks}. Raises the manager's Knowledge stat
tx_F73ZGB2PTV,{weeks}-week deal with an outside analyst. Raises the manager's Analysis stat
tx_2CC1KKTKKB,Bring in a sports psychologist for {weeks} {plural:weeks|week|weeks}. Raises the manager's Mental stat
tx_DA86MFNRT5,"{weeks}-week deal with a financial advisor. The manager's Management stat rises, improving income and upkeep"
tx_RTR0ZTKS94,Rent lodgings for {weeks} {plural:weeks|week|weeks} and focus on nothing but training
tx_KHZNSXNXC1,{weeks}-week overseas training camp. Only teams with proper facilities can organize it
tx_86FED5D6GK,"Large ad campaign. Costly, but sponsor income rises for {weeks} {plural:weeks|week|weeks}"
tx_XAR8PQMZNV,A performance-linked sponsor deal offered only to teams that won every match last week
tx_3N2P9M4E9W,"Local sponsor for low-budget teams. More income, but promo events eat into training time"
tx_AXEKA79XKE,"Put off facility maintenance for {weeks} {plural:weeks|week|weeks} when the balance runs dry. No upkeep, but incidents become more frequent"
tx_MB49GSHBFN,Cut staff salaries for {weeks} {plural:weeks|week|weeks} when the balance runs dry. Morale drops and training efficiency falls
tx_1HENHSWBBV,Cut
tx_511JE6DQB1,Tap again to confirm
tx_J4YTK7VVDS,No run in progress
tx_Z3Y66BXDFR,Balance
tx_FG04N4WSYY,Facility Fund
tx_DM158Y7SJ6,Last Week's Settlement
tx_M06VBCHAA0,No settlements yet. Settled when the week ends on Sunday
tx_MXXEN4NZT8,Net
tx_SQF813637S,Surplus Allocation
tx_JFNB4YBFQ3,Special Spending
tx_WYA8YC4SQD,Recent History
tx_25RMDAJ5X7,No records
tx_0CX1TFBM9T,Training
tx_21J7S51M54,Facility Fund
tx_FVYGWSZW7J,Welfare
tx_FWWJNTNYP8,Training · welfare support halted
tx_BVZ04VJAS3,Facility fund {amount} diverted
tx_XTVPW36TS4,Facility Lv{from} → Lv{to} downgrade (unpaid {amount})
tx_C839D4YFV0,Training support cut for {weeks} {plural:weeks|week|weeks} (training EXP −{pct}%)
tx_HQQ1QK18GW,Finance deficit {net} · {n} emergency {plural:n|cut|cuts}. Check the Finance card
tx_4RHZPMT3BW,Finance settled {net} · balance {balance}
tx_VZWSGDJMJA,Special spending {amount}
tx_BJG2P5WWYS,Expired: {names}
tx_1PAC25VTPQ,Not enough funds
tx_5MQ91AQVZZ,Unknown item
tx_4YVAEG0ECQ,Running ({weeks} {plural:weeks|week|weeks} left)
tx_WPMNRYDWSD,Up to {n} running at once
tx_D7GGSYDVRX,No effect: {name} already covers it higher
tx_RTHA5YAC79,No effect: no staff salaries
tx_P3Y8G1KRE6,No effect: no upkeep
tx_9QH0GWP11D,Not enough balance ({amount} needed)
tx_X1R51424TJ,Condition error
tx_748T0JD0MH,Requires facility Lv{n}+
tx_CEHH3QBFTP,Teams with facility Lv{n} or lower only
tx_XX8567DQ94,Teams with weekly sponsor {amount} or less only
tx_YPG17RRBQG,Only with balance {amount} or less
tx_55ZC8KRDA6,Requires {n}+ {plural:n|win|wins} last week
tx_GHSVC43HP2,Manager {stat} {delta}
tx_30X2WR33SP,Training EXP {pct}%
tx_CWJ6DE9DP8,Sponsor income {pct}%
tx_YC0EYSGFNS,Facility upkeep {pct}%
tx_BT8KJSTKS7,Incident chance {pct}%
tx_2TSKW275F0,Staff salaries {pct}%
tx_T1M9PEN089,Finance
tx_EK67F07FWA,Finance · Front office Lv{level}
tx_MPW438S5J7,Before first settlement
tx_Q52XWB8S4X,Last week {net}
tx_MKKQ4Z5M2Y,Last week {net} · cuts
tx_JH732MWHD3,Finance · Facilities
tx_QGCKXQ941D,In charge: Manager. You split the surplus yourself
tx_7QKSR4PVYS,In charge: {name}. The surplus is split automatically
tx_C696EEJ9Z1,"Projected net this week {net}  (income {income} · expenses {expense}, incl. bonus)"
tx_6FBWWWX3V2,Balance is below one week of fixed costs ({amount}). A deficit forces cuts
tx_QBK71YGSAE,Training support cut: {weeks} {plural:weeks|week|weeks} left (training EXP −{pct}%)
tx_GZYPKCSGMH,Results bonus ({win}W {loss}L)
tx_P32YKYKYRT,Staff salaries
tx_00XQNCZFRD,→ Reserve {reserve} · Training {training} · Facility fund {facility} · Welfare {welfare}
tx_A2CBRDMBY4,Cut · {cut}
tx_EBDF62NZNS,Special spending −{amount} (paid from balance on purchase · {names})
tx_BA5XCYYSAC,Special spending expired · {names}
tx_25PKBYA5Q3,{pct}% of a surplus stays in the balance; the rest is split three ways. Effects apply next week.
tx_YMK6HF0KET,"{name} in charge. Automatic even split (decent, not optimal)"
tx_PDF6M4TMFX,Next week training EXP up to +{pct}% (maxed at {amount} spent per week)
tx_J9HW9G18D4,Saved toward upgrades · emergency fund in a deficit
tx_4DNE40K656,Max Level. Used only as an emergency fund in a deficit
tx_2Y4X334GGR,Next week incident chance up to −{pct}% (maxed at {amount} spent per week)
tx_5CEBKKHSAS,Active this week: training EXP +{training}% · incident chance −{welfare}%
tx_2HH94J6ARY,Front office  Lv {level} / {max}
tx_CPW59P2CKT,Now  {effects}
tx_KWW448S0GH,Next  {effects}
tx_SAXP078SDD,Training ×{train} · Mastery ×{mastery} · Incidents ×{incident} · Income ×{income}
tx_YN9S7WB6S4,"Cost {cost}: facility fund first, then balance (available {available})"
tx_JTTYE38FPY,Upgrade front office → Lv {level}
tx_63XDT8NVFN,Tap again to confirm (−{cost})
tx_XHH41J8S28,Not enough funds ({amount} needed)
tx_SBD8ZAF5DC,Paid from the balance at once · lasts a set number of weeks (up to {n} at once)
tx_S2XBTE0K8X,Running · {name}: {effect} · {weeks} {plural:weeks|week|weeks} left
tx_MVMJCRNWYR,{effect} · {weeks} {plural:weeks|week|weeks}
tx_JQ9XJ51YJ0,Buy  {price}
tx_N87J4KZFF1,Sign  Free
tx_YKSPS14YC2,Balance {amount}
tx_6DZQQSQ3VE,Sponsor income (facility ×{facility})
tx_1ZGSEKD4JD,Sponsor income (facility ×{facility} · modifier ×{mult})
tx_VGMAD0GE7N,Facility upkeep
tx_5ATMNYAZ8A,Facility upkeep (modifier ×{mult})
tx_A68YMV80H1,{name} Lv{from} → Lv{to} downgrade (unpaid {amount})
tx_9996TAPSGF,Upkeep per facility (weekly)
tx_S6RZ7XDZCZ,{name}  Lv{level} · {amount}
tx_MGJS84V3XM,No facility may exceed the front office level — upgrade others from their facility sheet
tx_S8GB2PQJET,"End
Turn"
tx_5R34V4TK24,Your Turn
tx_Y3YPZRFYP0,Enemy Turn
tx_TMPV0HMGH4,Next →
tx_562ABYGNTQ,Play Again
tx_DJ82GY9HFT,L
tx_KQJ52RR8V2,M
tx_N708DPBCXW,R
tx_MSBN9RKNCE,J
tx_FMGJ6K74YW,Care {care} · Taken {taken}
tx_QR5G5BG3F0,Dealt {dmg} · Taken {taken}
tx_7DPMA1JK2T,Dealt {dmg}
tx_N5XY7QMCN0,Spawns in {n} {plural:n|turn|turns}
tx_TQ6125AMEJ,Available now
tx_6DZPWWFA96,Reward card not found
tx_QPYR19J6FG,Goes straight to your hand
tx_VF1A5H49TP,Shuffled into your deck when taken
tx_0D83B3BXPJ,Next {n}
tx_AXVQDH455A,Next draw {n}
tx_K2TW9E6P0S,Kill +{n}
tx_PZ3FF17CJS,Search {n}
tx_QTZR66E1TH,No skill
tx_D6RF6A0BB1,No portrait
tx_R7705DVY0V,No mech assigned
tx_YW85GRB6H1,Revives in {n} {plural:n|turn|turns}
tx_QYZSXYDBGH,Lane
tx_48PKBPN65P,Laning Stats
tx_YR9NHRBBHY,Eva
tx_Q7B8HCWAYY,Battlefield Evasion (Card)
tx_2955G7QSVP,Ambush
tx_6TYZZH2V4Y,Held
tx_0ZKD9B5X7N,Gain
tx_5SS28F57B2,Growth Gain Rate
tx_9E0V5EYSFR,ATK
tx_E7NFE1MJTE,Temporary ATK
tx_GGWGZGXCSJ,Shld
tx_4T2NQHMG7V,HP
tx_80RR2RVTFW,ATK%
tx_85C0K13TJK,HP%
tx_BZT1S9MYPH,Growth Gain
tx_AFG7QR8X05,ATK %
tx_BHPQBY192T,Max HP %
tx_HQ0FSPBFNQ,{kind} (other permanent bonus)
tx_JB2XA9GEHD,Base Max HP
tx_KKM3DF9426,Growth
tx_RBMEVC2P2S,Current HP
tx_07SNADVFZF,Base ATK
tx_75P2CDB8G1,Temporary Effect
tx_205QKFD76D,Final
tx_HKC6TKSA2K,Base
tx_50MCWKXH27,Special Ability
tx_9CFJV5MVD2,In-game Gain
tx_HEAG7E5FVG,Vs. an equal opponent
tx_2383X7Y4A3,Mech HP
tx_MQ6WNXCW2R,Pilot Base Max HP
tx_XBRHV1EABJ,Mech ATK
tx_56C8HB8TXC,Pilot Base ATK
tx_CYWJYN11E6,Mech Presence
tx_YSYYDDQGVQ,Hit / Evasion
tx_QYWSRHHVJD,Final Hit
tx_J1FR6RX80G,Final Evasion
tx_VEHXJB9DR1,Gain Rate
tx_QD88DD25TB,Permanent Bonus
tx_TE3CH6W9RC,Growth Points
tx_RW7CT7ECA2,Status
tx_BFZGKFQDSF,No movement until the next operation phase
tx_4RDZ2WE931,Position
tx_KD7JS3VSS3,Temporary Bonus
tx_Y9PAH9SCZM,Final ATK
tx_WMFSEXBJBJ,This Effect
tx_T8FGVS8PZG,Total Permanent Bonus
tx_MJDX8R0FTD,Total Permanent Multiplier
tx_2BD908D740,Permanent
tx_N3NW48PPT7,Until operation phase
tx_YZASNH48VB,{n} {plural:n|turn|turns}
tx_WANJ929H98,(until operation phase)
tx_04XW5YCATP,({n} {plural:n|turn|turns})
tx_F27NAHX4TP,Sets the chance to hit when a card effect makes you {attack} attack an enemy.
tx_M0J3JZ6JMR,Sets the chance to dodge when an enemy card effect makes an {attack} attack on you.
tx_WVQ0E4DXRS,{engage} Sets the chance to hit when attacking an enemy during an engage.
tx_2D5M3A87JK,{engage} Sets the chance to dodge enemy attacks during an engage.
tx_1201TH9NT4,Higher presence makes you more likely to be targeted during an engage.
tx_MP25TF18FJ,"Permanent bonus left by this card. It never expires or wears off, and stacks if the card is played again."
tx_N34BKW73WF,"Built up by the mech passive, not a card. With no card to name it after, it is grouped in one slot."
tx_B8MQ74WDJZ,Applies only to battlefield hit checks. The engage stage uses its own odds.
tx_1Z076S4PF9,"Multiplies growth point gain, not growth. Other growth rate effects and Perfect Finish share this slot."
tx_3PBASH0HTY,Temporary bonus from a card. Not cleared when growth is recalculated.
tx_9GBQDV90TD,Absorbs damage before HP. Lost on returning to base.
tx_XCY75J2M5N,"The mech stats become the pilot's base values, and growth builds on them."
tx_8WZGVJ6X01,MVP
tx_RZN79649QG,MATCH MVP
tx_TWDEFMDMTZ,In-game
tx_TJEJTTZ9PP,Pilot
tx_840PD89SBP,Mech
tx_YGX9KDFT51,Gain {pct}%
tx_6TJEJMS5G0,Growth Spikes
tx_DCPZE5FEBQ,Next Spike
tx_ECA0V7N5CG,ATK Increase
tx_9BD5WJRJ16,Max HP Increase
tx_92JKM782CD,"ATK and Max HP rise with growth points, with a big jump every {step}k.\nThe higher the pilot's {atk_growth} ATK Growth and {hp_growth} HP Growth, the more ATK and Max HP each growth point gives."
tx_33SA211TC1,Bonus
tx_HPQYQXRZVF,No passive
tx_JMNJNMYGN8,Hold to end turn
tx_58ZB0FCDG2,Reserved effects
tx_91R4BR8YQ3,Start of next operation phase: strategy points {n}
tx_7HEDWPJ892,Start of next operation phase: draw {n} {plural:n|card|cards}
tx_DNVZMCXYYS,Kill an enemy this operation phase: strategy points +{n}
tx_S2AKX3F5ZR,Start of next operation phase: search {n} engage {plural:n|card|cards}
tx_JT1Q4AR9BB,Draw {n}
tx_8J4PMYV3RW,Kill +{n}
tx_FRNWGED1N8,Search {n}
tx_HY8TH99C2E,Bonded with
tx_6NND6G12EN,"When either bonded pilot joins an engage, the other joins too. Ends when either leaves the field."
tx_1VA1Q06P5D,Empowered after {max} takes ({n}/{max})
tx_5WV0YT1W3P,Empowered
tx_WZ39630VSG,Applies the moment it is taken
tx_Q2YD01V4X9,"When the target joins an engage, the caster joins too"
tx_8224R3117V,"When attacked, reduce that damage by {mech_reactive_armor_cut_pct}% and lose 1. All of it is lost on leaving the battlefield"
tx_M9AXFZ0YJD,Damage taken from the caster +{mark_target}%. Setting a new Mark releases the previous one
tx_DYE6YP50R9,A mark valued at part of the target's growth points. Conviction's damage scales with this value
tx_5Y0V13GVXR,Skips its own action once in an engage
tx_GV1PNFZR9T,Damage taken +{mech_vulnerable_per_stack_pct}% per 1
tx_A2PYQPKVJM,Removed from this game when used
tx_EGQP5BBD6K,Is never discarded
tx_SSYPBCVHEE,"When discarded, vanishes instead of going to the discard pile"
tx_FGE0Q8F8K1,+{card_charge_hand_gain} {plural:card_charge_hand_gain|token|tokens} each time it enters your hand (max {max})
tx_HN02EYXPVV,Returns to the far left of your hand after use
tx_6ABJNCRSQX,Charge {max}
tx_AXYDKH476P,strategy points
tx_A1TGA4X65Q,cost
tx_XEB6RPJC05,turns|turn
tx_9HV110GY44,battlefield hit
tx_G7GPVBZNB7,battlefield evasion
tx_02V7FBV672,engage hit
tx_1Q25CTDX3T,engage evasion
tx_M62DQZ05XH,sure-hit attack
tx_CJFMY2DR98,while held
tx_6BQ7XJWR21,discard pile
tx_H5PAQEGQXV,shield
tx_HGRGYX99JV,max hp
tx_CM6RMDBSX5,discarded
tx_GN5YCE4A7K,atk
tx_XJ2AJAVDJJ,attack range
tx_VK36455RKQ,hp
tx_2NZDVYC400,growth
tx_M7HE3QE7V3,sure-hit
tx_M6K3475MK0,attack
tx_M3VS0RE5YB,engage
tx_MD0WJ2YX9M,move
tx_AKRYXE0W1T,target
tx_SVFGB50VBG,range
tx_SNRNKTSHYA,draw
tx_T31EZZ8PDE,discard
tx_GVP8VGG5RB,preserve
tx_XVGC6KXT1R,search
tx_YX872B2X4H,create
tx_5D3XF18V32,heal
tx_PNFKKTFY12,kill|killed
tx_DBE01WV863,ESPORTS MANAGER
tx_C43HAK9QB4,Run in Progress
tx_5WJB7HWPMA,Match in progress
tx_8QB02J8X4E,No run in progress
tx_WGC1W057NT,Tap 'Start Game' below to start a season
tx_VCBJXS80JH,New Run
tx_X0EYJ8K5SH,Continue
tx_B6XWT6321G,Manager Lv{level} · {pilots} {plural:pilots|player|players} · {traits} {plural:traits|trait|traits}
tx_5065WMC273,"Year {year}, {month}/{day} ({weekday})"
tx_5XHX4A8MQY,Trophies: {n}
tx_2BHC8NJGZA,League not started
tx_1W517T1FD5,League #{rank} ({win}W {loss}L)
tx_8B4JM1Z2M6,Last saved {time}
tx_ZWP3Q5KXEX,Load failed: {error}
tx_86MJJTCRG4,Couldn't delete run: {error}
tx_NZS1Y08KJK,Abandon the current run?
tx_Y3AD9RSE4W,"The run ends and is settled as a failure with your progress so far.\nYou still get score and currency rewards, but this can't be undone."
tx_58RJZ7FA5S,Abandon & Settle
tx_QFKVYHXZQ7,Home
tx_MRYQA72YTJ,Collection
tx_FM5AH7PT3F,Shop
tx_XCSB9YZRPT,Pass
tx_3Z7X8EGGT2,Coins
tx_M0TVW5C5V0,Level-up
tx_H3S5FP9V1B,Player Ticket
tx_QR44K4G430,Trait Ticket
tx_A0BZZABE9N,Shards
tx_D3T88QT9G4,Couldn't save manager type: {error}
tx_Z7T7H6V81J,Choose Manager Type
tx_MC13K8N0V7,Prestige: Choose Manager Type Again
tx_M5J8SX6BBY,Choose a manager type before your first run. Areas without staff run on manager stats.
tx_R46BWWGHGJ,Choosing a new manager type completes the prestige. You may pick the same type again.
tx_PWF07A5A7H,"After this, it can only be changed through prestige."
tx_JBCN4AT26F,Manager level and manager stat removals are reset.
tx_DQC9ZE38ES,Choose a type
tx_XPFT0WY8DB,Start as {type}
tx_K1ZQ410BJ2,Prestige as {type}
tx_V8Y87ZCZD2,RECORD
tx_PGD2RKHT6C,PILOT
tx_3M4BE5GPXC,HOME
tx_28F8XG4H78,PASS
tx_MK3GPRAY5Y,SHOP
tx_VPTW1MTX4D,Lv
tx_P1QQB4F5NY,Start Game
tx_J99WKD5PN8,Organizer
tx_KQSXCRDMQT,Field Veteran
tx_T2Z72WAY5Q,A manager versed in running an organization. A balanced spread leaning slightly toward Management and Mental
tx_PVYTSHGS8N,A manager who came up from the field. A balanced spread leaning slightly toward Training and Knowledge
tx_BGMWN33W4F,Preset {n}
tx_4T5M5K3V6Y,Reset needed
tx_CQAMS06S3H,● In use
tx_VDT30HFYH5,Traits {n}
tx_3Q1VPP8XMD,Spec +{n}
tx_S620BP20NR,Obtained from trait gacha · crafting
tx_S5NAQVRYNS,Clear a run (win the final international)
tx_P955SQ3TF7,Reach the true ending
tx_D8FE26XJFP,{n} {plural:n|win|wins} in one run
tx_8G1AQW23DP,{n} {plural:n|title|titles} in one run
tx_MEDD3BR55H,Clear {n} {plural:n|phase|phases} in one run
tx_F8DYXECV40,{n}-win streak in one run
tx_FGW64XDW0B,{n} {plural:n|outing|outings} with one player (one run)
tx_NFTQEBMQN9,{n} {plural:n|MVP|MVPs} by your players in one run
tx_KH3QMFGTYE,{n} profitable {plural:n|week|weeks} under manager control (one run)
tx_CN4XCZ8HA8,Complete {n} {plural:n|run|runs}
tx_YFW3R69TW6,Finish at least one phase with {team}
tx_TFTZTARDWX,Finish at least one phase with {n}+ bonus {plural:n|point|points}
tx_W3RT98C0SS,Unknown manager stat
tx_TA4GEJM732,No removal points left
tx_MWVEPEZET8,Manager stats can't go below {min}
tx_T1BFS0GSGZ,No specialization points to take back
tx_W7C3ZRF4RR,No specialization points left
tx_DA5HH0PHWQ,Manager stat cap {cap}
tx_BKV964Z3VV,No preset
tx_Q8H1F03VCP,Prestige preset. Reset it with your current points to use it
tx_58W8XQG7XP,Too many specialization points ({used} / {total})
tx_HYK8X0Y1FR,Specialization points are negative
tx_Y4C38QBE7Z,{stat} is over the stat cap {cap}
tx_SM2J7D8VWD,Prestige unlocks at manager Lv{level}
tx_1TPBDD4JDD,This trait is still locked
tx_HQVBRC7GPZ,Slots full ({n} {plural:n|slot|slots}). Unequip one first
tx_6ZMPGY904G,Use This Preset
tx_G60RQZ2M86,In Use
tx_PBX5T726N6,Save & Use
tx_VP2K42B9Z4,Save
tx_WM0N1FR8F2,Saved
tx_PW7CEB3PC4,Can't save: {error}
tx_5N2ANQY6KC,Can't use: {error}
tx_2AS2JFBWZ3,{preset}: will be used next run
tx_E078H6ENKH,{preset} saved
tx_E63PYF62MR,{type} Manager
tx_JRKT78EBDX,Prestige ×{n}
tx_N88PJGGH8P,Prestige
tx_P6CE6V2BZ8,Prestige at Lv{level}
tx_G63N72TB77,{n} removal {plural:n|point|points} per level-up · Permanently lowering a manager stat gives {gain} specialization {plural:gain|point|points}
tx_R5JTRZW8YZ,Removal Points {n}
tx_3D2K7Z42ST,Spec Points {used} / {total}
tx_W2GGDAXSS9,Final = Type − Removed + Spec · Cap {cap}
tx_25JH8D9ZKC,Type {n}
tx_REG3N92165,Removed −{n}
tx_FSJJMA6X8A,Spec +{n}
tx_N00VCXQP2R,You have unsaved changes
tx_PC4VC518EH,Discard changes to {from} and switch to {to}?
tx_KGQJMSCC5A,Discard & Switch
tx_RK53KKTVV9,Reset the prestige preset before editing it
tx_E7VHX9Q864,Bonus points below 0. Can't save like this
tx_VXPQ8NAT9G,Lower {stat}?
tx_BG6S0NCNW3,Spend 1 removal point to permanently lower base {stat} from {from} → {to} (all presets).\nYou gain {gain} specialization {plural:gain|point|points} instead.\nThis can't be undone until you prestige.
tx_7WYGFMVN1R,"{stat} −{drop}, Spec Points +{gain}"
tx_KXJ7B4DMZ8,{preset} reset. Reassign your specialization points
tx_7521E3DYNY,Prestige?
tx_CZ8J9C4GP0,"You return to Lv1, manager stat removals are undone, and you choose the manager type again.\nExisting presets need a reset before use · {plural:presets|New preset|New presets} +{presets}.\nRewards: {rewards}"
tx_9T0XXJTV5D,"You return to Lv1, manager stat removals are undone, and you choose the manager type again.\nExisting presets need a reset before use · {plural:presets|New preset|New presets} +{presets}.\nRewards: {rewards}\n(Unsaved preset changes will be discarded)"
tx_BMK6ZN3V5X,Choose Type
tx_P896WEQNY0,Prestige complete: {rewards}
tx_XHV95P4ZR7,Equipped {n} / {max}
tx_C89E7AZ489,Owned Traits {n} (tap to equip / unequip)
tx_N8R29A5R8G,Locked Traits {n}
tx_Q7PEKJNA02,Negative traits give +{gain} · Positive traits cost −{cost}
tx_5BMYK6AN8W,Below 0 it can't be saved or used
tx_KDW47HR37K,Leftover points are added to the run score
tx_KXA2JT6S41,Outgame
tx_6F0W7MPDEQ,In-game
tx_XGHFVCZ60Z,Unlock · {cond}
tx_N8P75GD7BK,Bonus −{n}
tx_Q120DT4YPQ,Bonus +{n}
tx_AZE74DV2XZ,NEW
tx_TK0RD2JPFF,Equipped
tx_G048A7DZEH,Empty
tx_CT0XBF6ME9,Traits
tx_0TVPZHMHDQ,Bonus Points
tx_JNX31TB32C,Presets: Spec Allocation + Traits
tx_96VG8VVT6V,Prestige preset. Reset it to use it
tx_JXE6K3B8JS,Spec allocation is cleared; traits stay as they are
tx_BG420X1TPQ,Manager Stats
tx_1XPPS9RH12,Swap
tx_6SE29A9FXX,Equipped {n}
tx_2G8T5Z3F2H,No traits equipped. Tap Swap to pick some
tx_PEQZX6R3EF,Swap Traits
tx_5XYT6BP0NH,Equipped Traits {n}
tx_HSFYC5WP1K,Owned Traits {n}
tx_YEQ9DR0FZM,Equip
tx_MZHX5Z4AA5,Unequip
tx_59W6QJYMYQ,Bonus points are below 0
tx_W1ESC68E04,This set can't be saved. Discard the changes and close?
tx_NAZXND3NGZ,Keep Editing
tx_XD742N7FEV,Discard & Close
tx_SJHA0NBZ03,Confirm
tx_AXYR1029FG,Lower manager stats?
tx_BZJAWGNJRP,"Spend {n} removal {plural:n|point|points} to permanently lower these base values (all presets).
{list}
You gain {gain} specialization {plural:gain|point|points} instead.
This can't be undone until you prestige."
tx_ABPS76TWB6,{stat} {from} → {to}
tx_PJFP6ZV8FH,Lowered manager stats. Spec Points +{gain}
tx_YB3D6SH2KQ,Bonus Points {n}
tx_43FCJDADR5,Leave it to the coach
tx_S3TMQTME0B,No mech coach. Pick each pilot's research mech yourself
tx_9795WB8ABE,Novice
tx_A871893SYV,Average
tx_VBZCYYXC6P,Skilled
tx_0S2RTBPFAV,Master
tx_YN458RG799,Mech Research
tx_ABCFSECHD1,Outside a run
tx_DC141DPMTX,Weekly research +{n}
tx_1R29MF9ZRE,Coach fills empty slots
tx_H26DNEN9EX,{n} {plural:n|player|players} without a research mech
tx_AYCQXCCH15,{n} / {total} assigned
tx_9C36WN5CN9,Research mech +{research} each week end (before multiplier)  ·  mech upgrades unlock at Lv3 · Lv4 · Lv5
tx_0R1EGAX9DP,Quirks: {pct}% chance at week end with a research mech  ·  {odds}
tx_9YHCDH1Y7N,Research: {mech}
tx_KVG9N478Y5,Coach assigns at week end
tx_1AFM6E35JF,No research mech
tx_A91DQR5EYH,Overload: Max HP per +1 ATK {from} → {to}
tx_0VZTRKKM1T,[Bulk Up] more Max HP
tx_CECSHTRHDG,[Assault] cost {from} → {to}
tx_328S8KKGN4,[Cutting-edge Guard] grants more [Reactive Armor]
tx_6M87RVZT2D,Deploy Reactive Armor: [Reactive Armor] {from} → {to}
tx_FG3ZVVET6B,[Initiate] cost {from} → {to}
tx_NZS28E1GKD,Pain and Pleasure: Max HP conversion {from}% → {to}%
tx_FFFTHZKAK1,[Brawl] cost {from} → {to}
tx_J0T8P7H58F,[Suppression Fight] cost {from} → {to}
tx_QH1GNFF2MM,[Victory Report] more strategy
tx_SBHCNS7K9N,[Rush] cost {from} → {to}
tx_QTRMPCC4SB,[Sprint] also draws 1 after moving
tx_EGKG3JJ9SE,[Fierce Dash] pushes farther
tx_SWBDM0T8D7,[Dominant Battlefield] cost {from} → {to}
tx_2PSN6X1VRJ,[Demolish] loses [Volatile]
tx_6W4MM80MXJ,[Single Strike] cost {from} → {to}
tx_W0PWZST0Q2,[Sweep] cost {from} → {to}
tx_FXE2HDHMWH,[Execute] higher Max HP threshold
tx_G9DS4C9C47,Soul Harvest: Max HP per hit +{from} → +{to}
tx_3SKY26YB5B,[Phantom Snare] cost {from} → {to}
tx_7ME1P4A18W,Soul Harvest: ATK per hit +{from}% → +{to}%
tx_B3CJM381VE,Overclock: starting tokens {from} → {to}
tx_P4CQ08BM5X,[Reboot] grants more tokens
tx_G2KTCFPKVJ,[Stage B] cost {from} → {to}
tx_EFJ7BQ4J0N,[Quick Slash] cost {from} → {to}
tx_FNMB3W7P31,[Prey on the Weak] higher token cap
tx_PNDT9NM8SV,[Blitz] cost {from} → {to}
tx_CFB9HRWCCR,No Mind: tokens to trigger {from} → {to}
tx_G2YHSKQHH4,[Gale] cost {from} → {to}
tx_GH8XBN12YF,[Swiftness] cost {from} → {to}
tx_FBDR27NRJT,[Hypnosis] moves the target farther
tx_4R7YVAHY1R,[Charm] lasts more turns
tx_1Y4GQW54HV,[Alluring Invasion] cost {from} → {to}
tx_5NCH55X9MV,[Investment] cost {from} → {to}
tx_JEXZATQ284,[Attack Order] heals more
tx_6M9QB8SER9,[Probe] cost {from} → {to}
tx_P6NFN40F99,[Support Guard] bigger Shield
tx_VP05EWZ56R,[Guardian] bigger Shield
tx_XVQS59TH2N,[Support Guard] cost {from} → {to}
tx_TZYYS9ERHF,[Fatigue] cost {from} → {to}
tx_FYY48D8123,[Whim] bigger cost cut
tx_GE9HFV4Z0Y,[Smash] cost {from} → {to}
tx_FFM4WFQSCN,[Red Powder] more Max HP
tx_XHZ0BYXBW7,[Green Vial] more ATK
tx_E8P091AQP0,[Blue Pill] more growth efficiency
tx_JWGQ0QQNER,[Conviction] cost {from} → {to}
tx_AD4256R4W5,[Finger of Death] more damage taken and [Bounty]
tx_1NXM43KXVJ,[Death Sentence] cost {from} → {to}
tx_2TF6YWR0M5,Vulnerable Brand: [Vulnerable] {from} → {to}
tx_M6PZ23YC9J,[Skyfall Strike] cost {from} → {to}
tx_XSGEQVRV9G,[Thunderstorm] cost {from} → {to}
tx_F1FCA1PFVX,[Scavenger] cost {from} → {to}
tx_DMVNB14BNK,[Rocket Punch] cost {from} → {to}
tx_4YJ1SVHVZS,[Scavenger] finds more cards
tx_WMFRSAF3YM,[Missile] higher token cap
tx_TPWWDZTVMF,[Missile Prep] cost {from} → {to}
tx_1469HV9AHA,[Precision Bombing] cost {from} → {to}
tx_17FVFFR8CY,[Bond] cost {from} → {to}
tx_VEMW7S91CA,[Battlefield Smash] more base attacks
tx_282RP86MJR,[Battlefield Smash] cost {from} → {to}
tx_NDKXMX6EB0,Aim Assist: ATK per hit +{from} → +{to}
tx_XWA7EKFJNA,[Terror] cost {from} → {to}
tx_PBWDAW1MZ6,[Destruction] cost {from} → {to}
tx_MG2RP2KA00,Lv{n}
tx_VDJKS7MNHE,BAN
tx_VX9Q85PM8S,Drag and drop to reassign mechs to pilots
tx_6Z915A6SVE,BAN
tx_M08KQVQN65,No passive
tx_MJJHA43Q8J,This mech has no unique cards
tx_XVKPY5NPC4,Start Game
tx_B3TD0XDDBT,Mech Stats
tx_3R8J1QNVYD,"Mastery (level bonus = hit · evasion, 4 stats)"
tx_1R98FHMXSQ,No quirks equipped
tx_PY288FR27W,Mech Passive
tx_DKVRHA76D6,This mech has no passive
tx_FKR497Q4GS,This mech has no unique cards
tx_KCV1PKAM59,"The pilot assigned to this mech adds the cards below to their deck, in the listed counts."
tx_MFVJR117B3,Main Mechs
tx_5A4VYR9MJQ,"No analyst: only raw data is shown, and the manager reads it alone."
tx_VGK1FJEFJY,Match Prep
tx_HQ94NZJ6WP,Start Match
tx_5AJE6SAZ26,Opponent
tx_GPNME2ADWA,Quirks {n}
tx_2C7Y2JDD7V,{role}   ·   HP {hp}   ·   ATK {atk}   ·   Presence {presence}
tx_S32JTGTHEG,Mech Cards  {n} {plural:n|type|types}   ·   Tap a card for details
tx_J3FQW65YX4,{name}  {tier} {value}  (hit · evasion {bonus})
tx_GKJ2J8BS4G,{name}  {tier} {value}  (hit · evasion {bonus} · quirks +{quirk})
tx_ZFKRFPCAS2,Analyst's ban pick: {pilot}'s main
tx_ZKEE3G9T6P,Expected opponent pick: {pilot}
tx_15SXME7CFS,Generated only
tx_WCXP7CPSKQ,Confirm Ban
tx_ZEXW72B4FP,Confirm Pick
tx_76TDNRXT2H,Opponent's Turn
tx_ZPK44AJ0YK,Unavailable
tx_YY1PTH9QJN,Rec. Ban
tx_HF3CR7Q56F,Exp. Pick
tx_TZBXEJKN0V,Quirk +{n}
tx_SSCFWKVHRS,Your Ban
tx_EGTM3JJJMY,Your Pick
tx_D141ZC4RBA,Opponent Ban
tx_NAM5AY7ESD,Opponent Pick
tx_JFNQCJHJWF,Quirks · {pilot}  {count} / {slots}  (pilot stats +{total})
tx_HJGDFGJ4TM,{effect}  (condition not met)
tx_5YCR7YFGNT,Total {total}
tx_7A1FMDGC3E,No info
tx_4Y7CG5R478,Analysis Tier {tier} · {label}
tx_4P15WEPRM6,Research in the Analysis Room to raise it
tx_CHAJA53SVW,Analysis · {who}
tx_4GMKW7SCDD,Name · Role
tx_Q605SZ346S,Approx. Pilot Stats
tx_D20PGJE2CX,Pilot Stats · Main Mechs
tx_AR1MKMRGM3,Fully Revealed
tx_SCRCRND2B5,Not enough data to read the opponent's strength.
tx_54201ZNSN2,"Watch out: {role} {name}, highest {stat}."
tx_Y52NPQTAB1,"Suggested ban: {mech}, {pilot}'s main mech."
tx_8F1HRN6A8N,Weak link: {role} {name}. Worth targeting that lane.
tx_1W81NVQ0EN,{mech} (main)
tx_CYD6TW7EWM,Mech {id}
tx_F90CBNJRXW,TANK
tx_2A43E3P03W,FIGHTER
tx_QFDE088804,ASSASSIN
tx_46B6F94E0X,SUPPORT
tx_WYAR6ATGZK,SNIPER
tx_51C591RCKG,Threat
tx_FVQ03DD4B3,Overall
tx_P5GRXR0NQ6,Start Ban/Pick
tx_E2AWTQEV33,Ready
tx_KG4ED588AK,Mech upgrades (mastery Lv3 · 4 · 5)
tx_P850G2PZ26,"{pilot} — mastery {level}, {n} / {total} unlocked"
tx_PK6V12WXVN,Unlocked
tx_B042CJCX8V,Locked
tx_WFN2VMXPR0,VS
tx_MR5VKS3AHG,Overload
tx_C214C4GTV6,Deploy Reactive Armor
tx_4AGJGY73MM,Pain and Pleasure
tx_MT24Q830S3,Victory Report
tx_4QD00Q1TF5,Demolition Order
tx_6ED3M3XZ0S,Execution Ready
tx_SV27886566,Soul Harvest
tx_2E4NTSV8ET,Overclock
tx_HDRMB8HM1E,No Mind
tx_J55MTA5JTE,Guardian Link
tx_Y5NA1D3VMR,Indomitable
tx_Z6MVYR47TV,Vulnerable Brand
tx_TXJ30QM4CZ,Missile Rack
tx_F0QY3T3051,Full Barrage
tx_PJ1NF26FT4,Aim Assist
tx_FMKZ4AXNYJ,ATK +{mech_bulk_power_atk} per {p1} max HP
tx_5D0P0RCSAY,"On engage, gain [Reactive Armor] {p1}. Reactive Armor: when attacked, reduce damage by {mech_reactive_armor_cut_pct}% and remove 1 of this effect"
tx_1VX47RFC55,"When taking or dealing damage, max HP increases by {p1}% of it. Each time you destroy a turret in your lane, create {mech_pain_pleasure_cards} [Pain and Pleasure] {plural:mech_pain_pleasure_cards|card|cards} in the deck"
tx_6KZJ3QWJ75,"On winning a Dragon or Herald fight, create {mech_victory_report_cards} [Victory Report] {plural:mech_victory_report_cards|card|cards} in hand"
tx_PE2EVQDEA5,"On winning a Dragon or Herald fight, create {mech_demolition_order_cards} [Demolish] {plural:mech_demolition_order_cards|card|cards} in hand"
tx_BNYYR6W86Q,"Gain {mech_execution_charge_gain} {plural:mech_execution_charge_gain|token|tokens} on killing an enemy or destroying a turret (max {p2}). At max tokens, create {mech_execution_cards} [Execute] {plural:mech_execution_cards|card|cards} in hand"
tx_PHQRA5X740,"Each time a card attack hits on the battlefield or you damage an enemy in an engage, ATK +{p1}% and max HP +{p2}"
tx_CPZSE06A20,"Gain {p1} {plural:p1|token|tokens} at game start (max {p2}). When damaging an enemy in an engage, {mech_overclock_proc_per_charge_pct}% chance per token to attack {mech_overclock_extra_attacks} more {plural:mech_overclock_extra_attacks|time|times} and spend half the tokens"
tx_TX22RY527N,"Gain {mech_zen_charge_gain} {plural:mech_zen_charge_gain|token|tokens} each time you use or discard a card (max {p2}). At max tokens, spend all tokens to attack all enemies within {mech_zen_range} {plural:mech_zen_range|tile|tiles}"
tx_9J4RSF40T1,"Each time an ally shielded by this mech damages an enemy on the battlefield, this mech attacks that enemy"
tx_JWM1NSSZC2,"On engage, each ally once cannot drop below 1 HP when attacked"
tx_D3R65NAFJ7,"During this operation phase, each attack hit gives the target Vulnerable {p1}. Vulnerable: damage taken +{mech_vulnerable_per_stack_pct}% per 1"
tx_5SM31D1TN4,"Each time a turret in your lane is destroyed, create {mech_missile_stock_cards} [Missile] {plural:mech_missile_stock_cards|card|cards} in the deck"
tx_EZ2X9YFAAV,"In engages, each attack instead hits up to {mech_barrage_max_targets} random enemies (weighted by Presence) at {mech_barrage_dmg_mult_pct}% ATK"
tx_8F16MH3WCH,ATK +{p1} on a battlefield attack hit
tx_6B0387STJ7,Training's been kind of rough lately.
tx_AM70RNN3NK,"What do you think, Coach?"
tx_1B2FTBE9GG,You're doing great. Just hang in a bit longer.
tx_WJ5TREQ3BC,"If it's too much, I'll ease up the intensity."
tx_1X2B47DWQ3,A pro should be able to take it.
tx_48N9MF6RV5,Okay… I'll trust you and push through.
tx_WP06YDK06B,Easy for you to say.
tx_VV0A0EVHAY,Really? Then I can finally catch my breath.
tx_ED10T0HFR0,…You're right. I'll keep at it.
tx_K1V8QJF4Y5,Understood. (Their face hardens.)
tx_1CPVWDA18R,"Coach, do you have a minute?"
tx_JW3ZR4FH5H,I wanted to know how I played last match.
tx_5DEH79C5GB,You were composed. Keep it up.
tx_YAASP14DWH,A few spots could be better. Let's watch the VOD together.
tx_5BHYSFRM5N,Let your results do the talking.
tx_ZMTV822S4Y,Phew. I'll keep doing it that way.
tx_9BHCVW9YNG,You'll watch it with me? Awesome!
tx_4K7PMF0CTS,Okay… just getting criticized is kind of hard.
tx_2JF1XQTRBV,…Okay.
tx_V6GPYM35Q9,"*{name} is sitting alone in the dorm living room, staring out the window."
tx_S9N27KZ07P,I've just had a lot on my mind lately.
tx_EJ7VCANJPA,Something wrong? Take your time.
tx_RP666CH6XT,Managing your condition is part of the job.
tx_BP677QYFMD,Let's talk tomorrow. Get some rest tonight.
tx_NYCC2N1YN7,Thanks for listening. I feel a lot better.
tx_YSM850FB2Q,It's nothing. I guess I'm just tired.
tx_35FX61X2B1,Yeah. I know.
tx_ZE0YD1YJJ1,"Got it, Coach. I'll get a good night's sleep."
tx_FYCJJ621RP,"This stays between us, okay?"
tx_44WNKWCF0Q,I really want to win it all this season.
tx_YXQ9JZ99CX,Let's do it together. I feel the same way.
tx_ZW7ABD3PK6,"Ambition's good, but one step at a time."
tx_5RBZ3H1QK4,Great. I'll show you next match!
tx_CZTG20MJRZ,One step at a time… got it.
tx_SZSZ9SK6PP,…You called for me?
tx_CC0C262GQV,*{name} avoids your eyes.
tx_EQVJZVZWBA,Just checking how you've been.
tx_ARHE237C2Y,Did I do something to upset you?
tx_W4H0DGS42F,Your attitude in practice has been a bit off.
tx_CRAKZ7QZZF,Same as always.
tx_JAGWYSADZH,"…Actually, there was something. Can I tell you?"
tx_CFGTJNDY96,No. I'm fine.
tx_1C336S6DGY,…I'll fix it.
tx_GY5JEJMNF7,(No answer.)
tx_RGWF3DMKV7,Yesterday's match… that was on me.
tx_23B1M1PJV3,I threw the teamfight.
tx_JR4PPVR44J,It's a team game. Don't carry it alone.
tx_KNMC8SJ4F6,So what are you going to do next time?
tx_M49CCEXF3J,Coach… thank you.
tx_BFX6P7HZC6,"Still, it was my fault."
tx_9P56A227PG,I'll rework my engage angles. I won't miss it next time.
tx_9K2WQJFBV6,We won last match!
tx_Z4YG0SF1X4,Can we take it easy tonight?
tx_WTGF97FE0Q,Take the night off. Well played.
tx_S30MDGJ6Z5,Winning is when you tighten things up.
tx_G7WD30HCYJ,That's our coach!
tx_6KKJGVY753,…Fair. I'll start with the review.
tx_30HEHYEC9J,Can't even rest after a win…
tx_SSAGPXXYD9,"You're always so calm, Coach."
tx_FN975WS5YD,I want to be like that too.
tx_2NV4JX11MT,Just stick to a routine. Want to build one together?
tx_EJYBH0Y9CX,I'm nervous inside too.
tx_P67P37P2RB,"A routine? Sounds good, I'll give it a shot."
tx_XRK13YD0CN,You too? That's surprising.
tx_958PSH9C4Y,"Tell me about your pro days, Coach!"
tx_CCE94CWN8B,Did you practice this hard back then?
tx_ZW8N3789R1,Harder. Fourteen hours a day.
tx_AWMY88ECD0,I didn't know any better back then. You're all better than I was.
tx_FHF5CMQCCH,Whoa… then I can't lose either!
tx_7NCJPD2KFD,Isn't that a bit much…?
tx_E3WRWX701P,Hearing you say that really fires me up.
tx_T30BM4D7NT,*You went to the snack bar outside the dorm with {name}.
tx_1BPTG2NM2R,The tteokbokki here is seriously good.
tx_3EH8JA2G62,"This is the first time I've eaten out with you, Coach."
tx_3A4EWPY145,Let's come here more often.
tx_6YRE7VKYN5,Enjoy. It's on me tonight.
tx_MS9GKZDC9X,Really? That's a promise!
tx_4ABM05400H,Thanks for the meal!
tx_QEW41C5PV5,*You went to the arcade with {name}.
tx_F215SG8Y5W,"Show me what you had back in your pro days, Coach!"
tx_DXQEAST8SV,*The result: a razor-thin win for the coach.
tx_Q9SR8VEEN1,"Still got it, huh?"
tx_Y0GV1HHPP3,"I went easy on you. Next time, for real."
tx_MS3Y62CXMT,Respect. You're actually really good.
tx_E0JMP0GP6W,Next time I'm winning!
tx_JY2JHZH868,*You walked along the Han River with {name}.
tx_Q5Q53B8P1T,Nice breeze…
tx_SEFJHSWNT2,"Actually, I used to come here a lot before I went pro."
tx_0ZY64X9R03,What were you thinking about back then?
tx_CBJC9VMW6S,And how about now?
tx_SF4YB14SGZ,That I wanted to stand on that stage someday… that's all.
tx_83GHKYM5SD,Now… I'm happy. For real.
tx_JKMD1GKD5W,*A small theater {name} picked out.
tx_9SEFVWVPSC,I really wanted to watch this movie with you.
tx_CZH49E2DAN,"*After the movie, neither of you says anything for a while."
tx_Y4CXB8RYV6,That was a good movie.
tx_BH96SZD58F,"You cried, didn't you?"
tx_0BYKZP1PRM,Right? I knew it'd be your kind of movie.
tx_0X876SBFP8,"Wh-what? No, I didn't!"
tx_51KW7319E7,*A beach near {name}'s hometown.
tx_PA4SJ6BKAE,This is where I started gaming. That PC bang right there.
tx_XFYXSZ3FTG,"*The sign is worn out, but the lights are still on."
tx_XHS612Q874,So this is where it all started.
tx_5C7415QT47,Want to go in?
tx_MZEKQ3RS1F,"Yeah. All thanks to you, Coach."
tx_7JAPTWKVHX,For real? The owner's going to freak out!
tx_77AXPMW95H,"*The rooftop, late at night. {name} got there first."
tx_D6YA3PDPNH,Coach. There's something I really want to tell you when this season's over.
tx_WRDN1XVZZ5,"…Saying it now would be cheating, so I'll tell you after we win."
tx_EQJF45PDP6,Then we'd better win.
tx_2D9WQGJ8YH,I'll be waiting.
tx_6ZBVNZ8NR4,It's a promise.
tx_KMG2EW0N0X,Yeah. For sure.
tx_MBGM2ZWEDD,@Injury
tx_8ZVGT47WVM,"*During practice, {name} grabbed their wrist."
tx_P8W2YF8PMR,I'm fine… it's just a little sore.
tx_8N7M33ZP7C,We're going to the hospital now. Skip practice.
tx_VPB4H5J1BP,Tape it up and get through today.
tx_Y8FD1VTS0Z,Okay… I'll heal up fast.
tx_4W79T0CX8T,"Huh, it's better than I thought."
tx_YYAGMCV506,Ow… it hurts even more now.
tx_B2Q93RW7Z4,@Slump
tx_D4SQ5DFND2,*{name}'s scrim results have been rock bottom for days.
tx_EQP3GWM96R,…Nothing I do works.
tx_TG7THNN4QG,Let's just do fundamentals for a few days.
tx_Q1FV2X8RNS,Keep doing what you do. It'll come back.
tx_JDRPB8YWAM,I might open up your spot for competition.
tx_1EJV84T1H9,Back to basics… I'll try.
tx_VEXRPYC2PK,And if that doesn't work either?
tx_4SSD6DZS4Z,Okay. I'll trust you.
tx_DTJAGMCKGN,…
tx_CKGHVR0SS7,…I'm not going to lose.
tx_HGZQBAZ7CE,Did you really have to go that far?
tx_Y60NQ9Z808,@Conflict
tx_21AEZSMMPT,*Voices are raised in the practice room. {name} is right in the middle of it.
tx_QPM52B1CQ1,Nobody listens to my calls!
tx_1FSCEG079P,Let's all sit down and talk this out.
tx_TV2MGKR3CG,{name} is right. Follow the calls.
tx_8Z2NK9BZ3A,"Both of you, knock it off. Just practice."
tx_2ANDQGKPDE,…Fine. I'll try talking.
tx_BD0ANHJMGB,Talking won't change anything.
tx_5HEJ31QRAB,Thank you.
tx_F8C5EB6ACC,(A door slams.)
tx_KW7BT0XW1G,@Homesick
tx_4755JM4VQ0,*{name} was crying on the phone with family late at night.
tx_S1HSSRZXMA,Could I go home just once?
tx_58MDCSCB0J,Go for a day. Don't worry about practice.
tx_S0ME00XNSM,I'll make sure you go once the season's over.
tx_CJK6DN3JKZ,"Thank you, Coach!"
tx_638HVXV0ZQ,…Okay. That's a promise.
tx_C021KGFTKT,Got it.
tx_6C7M733QT0,@Hate Comments
tx_PNNT7KZ42X,*The community boards are flooded with posts targeting {name}.
tx_421P3JSMZD,I don't care. …I'm trying not to.
tx_17B118FTKH,I'll hold on to your phone for a while.
tx_P8E1Z1KYS4,Let's put out an official team statement.
tx_8GTPSGA6KK,Just prove them wrong with your play.
tx_EESCKRWTYJ,"Honestly, that's kind of a relief."
tx_2MWEH110YH,This is so frustrating…
tx_19F3DK53C0,You're going to stand up for me?
tx_ZPCDJ7MW5Y,Just watch me.
tx_7PFW9DXPGN,"If it were that easy, I wouldn't be like this."
tx_WWZK5T8X9T,@Late
tx_GK5XQYZVTN,*{name} was an hour late to morning practice.
tx_0HBCH20898,I'm sorry! I didn't hear my alarm.
tx_MFDABPE69D,That's a fine. Rules are rules.
tx_2W6NHBBCTJ,Be careful next time.
tx_39X5R71A03,Did something happen?
tx_8BP6R1YTZG,…Okay. I'll pay it.
tx_QQT6323FPF,Thank you!
tx_CV8JTSB1M8,"Actually, I haven't been sleeping well lately."
tx_QAABQBBNPM,I just overslept.
tx_A1NG6K464D,@Gear Failure
tx_N6R1WMXWTC,*The match gear died in the middle of practice.
tx_S9P310X56V,"I'm used to this one, I don't want to switch…"
tx_37MR7MJF0D,Let's get used to new gear right away.
tx_67TZA94HQ7,Let's rush-order the same model.
tx_1SRJTR5B7D,"Huh, this is better than I expected?"
tx_FRHG14RTK7,It just doesn't feel right in my hands…
tx_C38GZ3HXES,"Phew, thank goodness…!"
tx_TT907CKDT5,@League Weekly
tx_XFDVFZPHS6,"Thanks for making time for us again this week, Coach."
tx_9CJEG52Y0C,Last week's training results really stood out. Are you sticking with a similar plan this week?
tx_XM7JSR27W1,We're going according to plan. No reason to waver.
tx_5C5XCDBQES,"I'm thinking of changing a few things. Too early to say, though."
tx_XJ9PE2ZZG4,You'll see on the stage.
tx_1XCTCK0BG9,@Esports Daily
tx_2NYB25EY7K,Many say this weekend's opponent is a tough one.
tx_P4R0XZ2718,"Honestly, are you confident you can win?"
tx_NG79WN0VTX,I believe in my players.
tx_G064BA75JD,"It won't be easy, but we've prepared something."
tx_ESGNJ1THF8,That's a bit of a rude question.
tx_HWJTJM0P5J,@Game Today
tx_Q6HE23RFQK,How's the mood in the team?
tx_JDXZ98RCXA,There have been rumors of friction.
tx_TXD7P8XPHT,We're like a family.
tx_BRYRHNDA5X,"There's competition, but it's healthy competition."
tx_34A2QNPWXP,I won't respond to baseless rumors.
tx_CGYN4JCTT2,@Esports Daily
tx_8FK3WR9VTJ,What do you see as the cause of last match's loss?
tx_PYPNQ9R39M,I didn't prepare enough.
tx_RX6R6NM4D2,The players weren't in good shape.
tx_SGCC9FSCQ8,I've already forgotten about that match.
tx_3MNR87MKPW,@League Weekly
tx_F7YY1EMPKY,{name} was the MVP of the last match.
tx_NJA6D2HRNY,Any words of praise?
tx_HYT29E1S8S,{name} is the backbone of this team.
tx_BM3185ZSQ1,One good match isn't enough.
tx_KKXMBSZ9TF,That MVP belongs to the whole team.
tx_KPMDCCZTEP,@Game Today
tx_VZEFKAVWD5,There are rumors {name} is transferring overseas.
tx_NTTQA5M8S6,Is it true?
tx_FY61V7ASJW,{name} is with us to the end.
tx_56GD2322E9,Why don't you ask the player?
tx_485X75BY3Y,@Esports Daily
tx_37K36AAVHZ,Word is {name} struggled in the last match.
tx_NQN9ZJV1P7,Are you considering a substitution?
tx_XSCYG02BFM,Not at all. I believe in {name}.
tx_6X445ZRXZA,I'll decide based on their condition.
tx_726TW3J3S4,"They did struggle, that's a fact."
tx_E0Q8Z6JCQT,@League Weekly
tx_9XF9RAG5PG,There's been criticism of {name} among the fans.
tx_MX5X6YNRCS,I'll take the criticism.
tx_BKXFM7SK5R,That's something the player has to overcome.
tx_DDB911TYP5,@Game Today
tx_P165HV568A,Your signature macro style is the talk of the scene.
tx_N27PWATY28,What's the secret?
tx_DW6DN62HG5,"Thorough preparation, that's all."
tx_WS4YNKZZHP,It's thanks to the players following through.
tx_Y286QSY9AY,@Esports Daily
tx_ZYQ2H6NSV5,Which is more nerve-racking: your playing days or now?
tx_S475S364V1,Now. Because it's my players' match.
tx_TRZ5H1B5JE,My playing days. Now I just enjoy it.
tx_GAEQTM3H22,{name} trust {delta}
tx_S020E3BRTM,Team trust {delta}
tx_P1MZEZ4FJQ,Whole team {stat} {delta} ({duration})
tx_JCW2JPKMY8,Manager {stat} {delta} ({duration})
tx_8FVD7N2NZP,Outing #{n} · less EXP on the next training day
tx_KAEPTP25DT,Pilot
tx_WR6Q5QGMZ8,All stats
tx_MD8BDCV48Q,Until next match
tx_D3NT6QFHKK,Incident
tx_4HBPFE2YRG,Stress {n}
tx_FVCD1WTE8P,Stress {n} ({delta})
tx_4ANBP6M80F,Shaken
tx_9M70CG3F4P,Awakened
tx_526PWNR0KP,Panic
tx_QZCW0ABV05,{name} stress {delta}
tx_29J1CQRVAJ,Team stress {delta}
tx_TEE5MJ4DBZ,Outcome
tx_AM6AWHMZNN,Talk
tx_GN6EV5KMJW,Trust
tx_ZJV1EWSDKB,Team trust
tx_WP4YVNHEXE,Stress
tx_DK2F035X3X,Team stress
tx_E2B5S6JFYF,Team {stat}
tx_SKMQAZGV2H,Manager {stat}
tx_7PE8CY1VEZ,{n}% success
tx_ZZBATP37TZ,Pass: {ok} / Fail: {ng}
tx_TBZX94B3A2,No change
tx_6SB7G8MVN8,{label}↑
tx_81K8K91474,{label}↓
tx_S8ES8XZVQW,*The practice room after training. {name} is wiping off sweat.
tx_HZD9GEBAFR,>How was training today?
tx_JCYC1AH2PJ,So-so. I think my hands loosened up a bit.
tx_Q9YFDEBKEB,That's enough. Get some proper rest today.
tx_2N3YJZ35JE,"Okay, thank you."
tx_QB4HRY15VT,Let's push a little harder tomorrow.
tx_3SGPCS4PH7,Sounds good. I was thinking the same.
tx_VHN1WB5A51,...Okay. I'll try.
tx_K5VBACMYA6,Coach! I definitely got better today. I can feel it.
tx_N6YYBSQVNW,>I saw it too. Your movement was different.
tx_N5QDJ60X29,Hold on to that feeling and keep going.
tx_GD23ZN691V,Yes! I hope tomorrow goes just like this.
tx_KFS8EYBM2S,Don't get carried away. There's a long way to go.
tx_QEGB0VN5RN,...You're right. I'll stay focused.
tx_6M3WK1BPQ7,Getting one compliment out of you is so hard.
tx_4KWGRVMPY7,"I worked hard, but it feels like I'm going nowhere."
tx_2HDMG1DP5V,*There's no strength in {name}'s voice.
tx_477HCE2FAM,It's adding up. Results come later.
tx_4VN11ASBVB,...I'll trust you on that.
tx_HZNATQZ1CX,You say that every time.
tx_A5T23BNT2A,Let's change the approach. I'll think it through with you.
tx_RCX7XH5K8Z,Really? Then please review the footage with me tomorrow.
tx_Z8MB9KF08A,Everyone goes through it. Let's move on.
tx_JC2AQW8AQY,...Okay.
tx_N7107F7D7V,"*{name} sits leaning back in the chair, eyes closed."
tx_9VXQ2QF36S,"Sorry, just let me stay like this a little."
tx_917HH9H1WZ,It's fine. Let's call it a day.
tx_H36TXHFQZM,"...Thank you, Coach."
tx_A8JD1Y65T8,I know it's hard. Hang in there a little longer.
tx_0YD282NYP9,Yes... I'll hang in there.
tx_EJC5368844,I'm really at my limit right now.
tx_BAYBGG9GXB,"Field drills are always the same routes, it gets a bit dull."
tx_5QSXAD063Q,">It has to get dull enough to stick, so you don't waver in a real match."
tx_BXZCFAW6WC,Want to mix in some unusual routes tomorrow?
tx_ABFXSK7HQW,"Oh, that sounds fun!"
tx_76TZMERTWR,Basics matter most. Keep it as is.
tx_J6X8H3B6XM,Got it. I'll nail the basics first.
tx_GWHTZXTMSG,Yeah... right.
tx_BVNGQAPE5M,"Engage drills today, I kept reacting half a beat late."
tx_AYR197YTGB,"From where I stood, your decisions were good."
tx_1REM87SYVD,Really? That's a bit of a relief.
tx_SZZMXPKBNK,Let's work out together why you were late.
tx_5ZZNYB9SWV,"Ah, I was keeping my view too narrow."
tx_KW9J0DQDVA,Hmm... I'm not sure.
tx_R3MVV1G5SF,I think the mech and I are slowly getting in sync.
tx_A12V1SD0SJ,Good. Let's prepare the next match with that mech.
tx_DPDH4ANAAJ,Yes! Look forward to it.
tx_BW2BFWH5DB,Don't get too tied to one mech.
tx_TJXC15EBX7,Got it. I'll try the others too.
tx_ZBR2EQPS3P,"*Fresh from joint training, {name} and {name2} come over together."
tx_E374T7GFQE,"I synced up with {name2} today, and it went pretty well."
tx_B3Y6KVD3P4,&Thanks to me backing you up.
tx_JSS4MQMY4M,You both did well. Keep that rhythm.
tx_XRKVPSK4AQ,Hear that? Even the coach approves.
tx_WVJSTQ255R,&Next time I'll take the lead.
tx_MYB8WF6EK7,Not there yet. Sync up once more tomorrow.
tx_G1N62SEW01,"&Okay, we'll sync up even more tomorrow."
tx_0GQVTQE3JH,...The two of us again?
tx_Y4JXF85288,"&Coach, {name} got a lot better today."
tx_SNKVZFV76G,"Hey, why are you the one saying that."
tx_W4YN7289MW,It's good to see you pulling each other up.
tx_6D889HY8Y6,"&Hehe, we're a team."
tx_07GNRSBJ25,"{name2}, you can't fall behind either, right?"
tx_KPKZRRRESZ,&Of course. Tomorrow's my turn.
tx_70XK0PA7YX,&...Saying that puts pressure on me.
tx_2B3W0B1ZD4,*{name2} pats a worn-out {name} on the shoulder.
tx_RRF14JXZYA,&They overdid it today. Please let them rest.
tx_9N7B7PCZ5N,"Both of you, head in early today."
tx_2XVW6DND6C,...Thank you.
tx_T0XXC81CWK,"{name2}, look after them today."
tx_6GSWJZY616,&Leave it to me.
tx_94NECDHB76,&Honestly I'm a bit worn out too.
tx_2HXM8CJ9R6,{name} trust Lv.{n}
tx_3WDBRBT5GW,@League Weekly
tx_39HG016RAC,Congratulations on today's win. You never let go of the initiative.
tx_1T8YSHM654,What was the biggest driver of the win?
tx_82Z4T8S37D,The players showed exactly what we prepared.
tx_XRXZW8C39R,I think we had already won at ban/pick.
tx_5GZVMCADA4,We still have a lot to work on.
tx_YAM761NP7H,@Game Today
tx_XXGJ8T8AMF,{name} was dazzling today.
tx_5WT1HTXEXH,Any special words of praise?
tx_D6CFVSA5FZ,Today belongs to {name}.
tx_9TKKWG51FR,It was a win the whole team made together.
tx_EZF6PG4AWS,That's only what I expect.
tx_TGANFVZDW3,@Esports Daily
tx_BFRD3MFTCJ,You're on a roll. Can you carry this into next week?
tx_4RB6GM0B12,People say the next opponent is no pushover either.
tx_HYYM6S1Z2D,"When the momentum comes, you push."
tx_JMR8KDQH00,We'll stay grounded and go back to training.
tx_9SZN9TA016,I'll think about the next opponent tomorrow.
tx_QF8WWDJMVD,@League Weekly
tx_5RMFW4Y97D,A disappointing loss.
tx_DBJB108KNX,Where do you think it started to go wrong?
tx_HV427WM4QM,I made the wrong calls at ban/pick.
tx_HJNV35D4QG,"One or two fights decided it, that's all."
tx_TKTTCQ6AHV,The players lacked focus.
tx_5VG97NVEV0,@Game Today
tx_11BXCC4A5J,{name} struggled a lot today.
tx_98RHXX4CMN,Are you considering changes?
tx_H15XZER9KR,{name} is the core of our team. I trust them.
tx_FZWDZJM4MJ,They know it better than anyone.
tx_DGCV1JP42M,"I'll take a cold, hard look at it."
tx_HK016C7BN6,Talk
tx_218TQZXFD8,Focus training
tx_0R7491YTAP,Aggression
tx_B0QVPMTQPG,Caution
tx_FEBE3HG3TK,Operations
tx_415VNRQCEY,Combat
tx_X4Z6RJMZGH,Growth
tx_BZPQRAK2FA,Limit break
tx_7QBNF0Q0DW,No limit break in progress
tx_3NCH9K5W6B,Needs {n} coach points
tx_TN0T71EKCT,Coach points {n}
tx_T4J6SR6Z2H,{n}P
tx_SBR87FT4VQ,What will you do together?
tx_KW9B22X657,Pick a focus training course
tx_KD8HT00MQD,Focus training result
tx_2XVVB7WQTS,Spend coach points to drill two stats
tx_R7T4K0Y2S7,Talk about this morning's training
tx_WNWP86AD7S,Talk about the ban/pick and tomorrow's mech
tx_HVC3644V2Q,Talk about today's match
tx_8ZK21GFG9A,Have a casual chat
tx_XMFHMDB1VX,"Big stress relief, builds trust · less EXP on the next training day"
tx_0SD9XPG1BX,Outings unlock at trust Lv.{n}
tx_5F27TFDDBC,Trust Lv.{trust} · Stress {stress}
tx_1KK4JVKGME,{name} {stat} {delta}
tx_T3ENXMYQ3T,{name} stat EXP {delta}
tx_BA4R5F2VGH,{name} awakening level EXP {delta}
tx_KKBC17X819,{name} awakening level bar locked
tx_066H6FVY7G,{name} {mech} mastery {delta}
tx_0M7GASA49J,{name} limit break · awakening level Lv.{n}
tx_394H0Z9JXP,Coach points {delta}
tx_1CE62HA1KP,Awakening level
tx_CGDMGJFED0,Mastery
tx_VE4Y341QPD,Stat EXP
tx_7F4B0GFZD2,@The late-night practice room
tx_GV27K1VPDW,*The practice room light is still on late at night.
tx_BJMAQY0286,"Oh, Coach… I couldn't sleep. I feel like something's about to click."
tx_Q9M7R0E478,"Go a little longer, then sleep."
tx_ZCS35Z46BT,Okay! I'll wrap up soon.
tx_7NMY2SE273,Tomorrow. You need sleep now.
tx_GWQWZ15NDP,"…Okay, got it."
tx_AQW6WTGRAR,@Unexpected advice
tx_EWV0XQT66Q,I heard something from a player on another team…
tx_T7BNJS7HRZ,I think it fits my play perfectly.
tx_TET0WE2T76,Interesting. Let's study it together.
tx_V3T30EPGSK,That's why you're the coach!
tx_DBW2BGB0GK,…It doesn't fit as well as I thought.
tx_M1VXEGS7B4,Don't let others' words shake you.
tx_TTC5NNHPV5,Okay… I will.
tx_6VFK3CV72J,"Today's training was rough, honestly."
tx_Q98BRPJSVN,But I think I'm starting to get a feel for it.
tx_W0Z14DRGRK,Let's push once more while it clicks. I'll watch.
tx_JZ5EFEQZXX,"…Okay, one more go!"
tx_W2FRM8R0BT,That's enough for today. Rest and let it settle.
tx_H6CKVTXX8X,"Really? Thank you, Coach."
tx_5W46C53H2W,Good work. Don't lose that feeling.
tx_DRGWMWTTE1,Yes! I'll remember it.
tx_PHP66PDG2M,"…Okay, I'll try."
tx_VX509357K0,I definitely improved today! I feel light.
tx_TC0DHVZRV7,Ride the momentum. One more set tonight.
tx_2A6T933CQM,"Great, let's go all the way!"
tx_WY97KPWG0R,Don't overdo it. Rest today.
tx_MARQQ3RTBF,"Okay, I'll do even better tomorrow."
tx_SJE17RVD97,Feels like nothing improved today…
tx_4YAB4P1BF5,That's exactly when we do one more. Together.
tx_KX2KSP6GRC,"…If you're with me, Coach."
tx_TCYBPNF1T2,Everyone hits a plateau. Let's rest today.
tx_F54NJ9ZP20,Hearing that makes me feel better.
tx_34QRZWK36Z,Honestly… I'm a bit worn out.
tx_3VT59RKFMG,Hang in a little longer. Let's lock in today's lesson.
tx_7H4K5DTPM5,…Got it. I'll try.
tx_GW2JEQZHQ2,I really can't right now.
tx_0TVKNYP75N,Let it all go and rest today.
tx_4GXA8BME14,Thanks. I'll catch my breath.
tx_HNX6ND2X0T,The new moves still don't feel natural.
tx_WQSKM4ZE39,Repeat until it sticks. One more set tonight.
tx_5EQ4E4SS9W,"Yes, until it sticks!"
tx_SWAJWYDKF0,No rush. We'll look at it tomorrow.
tx_7K7VHDN95S,"Okay, I'll try again tomorrow."
tx_DWVTVF5K3Z,The mech I'm piloting tomorrow still feels a bit awkward.
tx_ABG041CJ2S,Let's run one more simulation with it today.
tx_CZY2AXN1EZ,"Okay, I'll get the hang of it."
tx_MCDQ5CHV4Z,You'll do fine. I'm trusting you with it.
tx_G88SJPBZCQ,I'll live up to that trust.
tx_823WJR70DB,…That's a lot of pressure.
tx_F4ZZMBTDD1,Sleep well tonight. Tomorrow is what counts.
tx_40HGH4ZS9Y,"Okay, I'll turn in early."
tx_ABZP4CX6PR,Did you see their ban/pick? Will our comp hold up?
tx_EA4DT4VFEN,Let's run one more comp practice before we call it.
tx_F23QYSNPYF,"Sure, let's sync up."
tx_FHPEQJP0DY,We're ready. Just bring your confidence.
tx_27ZWX69DNV,Yes! I'll show you tomorrow.
tx_GR4XB73CWD,MVP… it still hasn't sunk in!
tx_HK3CRWJETS,Today was your day. Enjoy it.
tx_2F8XPQ8NS6,"Hehe, I'll enjoy it just for today!"
tx_TGRHJWDW3K,Keep a cool head. Let's review today's match.
tx_0A5ZEFAMHZ,"Okay, I'll study the good plays too."
tx_TX2P5VDXN6,We won! But my own play was a bit disappointing.
tx_7VMY0DVVMG,The team won. That's what matters.
tx_PJXC55G216,Right! I'll do better next time too.
tx_23APC47XR3,Let's go over the rough moments together.
tx_WS9B2VRYYE,"Sure, let me show you right away."
tx_MCGHZHC008,…But we won today.
tx_W2RXVAV0F8,I got caught way too often today… It feels like my fault.
tx_52HBQZZ518,It's not your fault. It was a team game.
tx_VPB1H9B879,"…Thank you, Coach."
tx_HMGK8XYRB3,Let's see why you got caught. Next time you won't.
tx_G465G1NMYJ,Okay. It won't happen the same way twice.
tx_J1QVCXZS73,Right now I… don't want to watch it.
tx_0WHT1QBBMX,We lost. The mood's pretty low.
tx_V1X72H23BA,Shake it off. There's next week.
tx_9TNC1NTS61,"Yeah, let's go again."
tx_YZ0W5CEQ62,A loss teaches more. Let's review.
tx_FTH0EB8PPJ,…You're right. I won't miss a thing.
tx_V594GHX4FA,"My K/D/A was great today, right? My hands were on fire."
tx_VCXMXMSK8Z,Hold on to that feeling. Let's rewatch the recording.
tx_FXCFD2TVCE,Yes! I want to know what clicked.
tx_EKR5AC80YA,Well done. Rest today.
tx_4DZ12PB99P,"Hehe, thank you!"
tx_PGX42AZC1K,*Training results have been stuck for days.
tx_ZJH0CA0S40,"Coach... no matter how much I train, I'm not getting better."
tx_YHPXHB3HWK,"It feels like I hit a wall. I don't know what to hold on to, to get past it."
tx_9V9JPV5RBD,>Practice alone won't do it now. Let's break through in real matches. Pick a goal.
tx_5D5M3E8X7K,(Goal pick — the game replaces it with three goals)
tx_1E67JN0S47,Got it. I'll make it happen!
tx_CZ4S2C1JXA,*{name}'s practice screen is still on at dawn.
tx_91W2DEJYKM,"I'm stuck again. I got past it last time, but this wall feels higher."
tx_JNDEZ4Y7C5,"I practice as much as ever, but my hands won't follow."
tx_KAZNBCDWDE,>A higher wall means you've climbed that far. Let's break it in real matches again.
tx_DBYRHDAACS,(Goal pick — the game replaces it with three goals)
tx_F2XVSXXX9X,"Okay. With a goal, I think I can see the way."
tx_GDSE4N85DZ,I'll get past this one too.
tx_CDZXJZ9M6P,Trust Lv.{n}
tx_E2D5A7P8Z6,Awakening level Lv.{n}
tx_T6KW92G6MY,Limit break needed
tx_HVEN1X5ECC,Stat EXP {delta}
tx_4DB24E4HX7,Whole team
tx_6RHXR0K8TD,Nekomata
tx_KCKAPV8M44,Yuzuha
tx_1TSM3CVTC7,Corin
tx_MMGADQGFP5,Ellen
tx_VH7WT9HK5V,Alice
tx_A57ZKJ2RYN,Evelyn
tx_45ATHT6FKK,Soldier 0
tx_JPNMY18MCJ,Seed
tx_163HX41GR4,Koleda
tx_JJBNVJ8XXV,Burnice
tx_29BFFGGW6S,Orphie
tx_QX0BWSVSPR,Shunguang
tx_54BAVHVXZ9,Cissia
tx_3034BPK68X,Anby
tx_9X5MSNP9S6,Dialyn
tx_AC888H3N75,Miyabi
tx_05PA12NPQW,Norma
tx_W5W0277NZB,Fufu
tx_AYBRWP0TGG,Grace
tx_8CZEWV0FKH,Piper
tx_4VNK1Y3RNN,Jane
tx_E9G1X85PV8,Promeia
tx_3H5B2KKWQ3,Aria
tx_A11RS2G63R,Vivian
tx_XAFE097QC8,Lucy
tx_4F8CDQF40F,Astra
tx_F3H094AEA0,Chandelier
tx_X87VBTX1CS,Sunna
tx_SWY4WWSAB9,Teatime
tx_7VRX3MZ9JA,Lucia
tx_2H29TKTGJ5,Rina
tx_7KMP8WAH0E,Nicole
tx_YDE9Z2XBQ0,Caesar
tx_R5HGGQNRE4,Zhao
tx_EEPF8ES67Y,Yidhari
tx_FWT4NKYHP9,Yixuan
tx_9PMKX7Q4AC,Ink
tx_G8V1VM0EK5,Qingyi
tx_X11AK79026,Trigger
tx_RB46PVETMS,Yanagi
tx_9GRTGADGJE,Zhu Yuan
tx_F07J7ARPAE,Lycaon
tx_QSQ2P3RJ17,Soukaku
tx_7HN5M1MAB3,Seth
tx_ZWR8EZKW8C,Harumasa
tx_RP50XN9RBG,Anton
tx_HJ6ZBQRZW7,Ben
tx_YS11SNHY9S,Billy
tx_NRF6V6XZBF,Lighter
tx_D66BJNK5G1,Pulchra
tx_578RKVPGWF,Hugo
tx_ES8Y72RP2B,Nangong
tx_BAYWN5XVPX,Banyue
tx_TTMXMPNE5R,Sigrid
tx_KYKTG5BE73,Velina
tx_AZTNGJ0GYB,Remielle
tx_RAFKQ292R5,Manato
tx_CPVAV7P855,Roxy
tx_8N33ZY2DJS,Claret
tx_BX7B0VT9RG,Soldier 11
tx_XX03M3SC12,Cunning Hares
tx_WJ3VBCXDSF,Victoria Co.
tx_GNQNNFQCK0,Belobog Heavy
tx_JPFZTZPR02,Section 6
tx_XZPQREWS12,Sons of Calydon
tx_KAQPFZWKCD,Response Team
tx_1622KAJJND,Obol Squad
tx_XG6MSXV2T5,Spook Shack
tx_2KHVD058YH,CNH
tx_XTSC0733FS,VIC
tx_AQKY4TBV9J,BHI
tx_P7M9CVHBZ4,S6
tx_C39BBF2DM3,SOC
tx_FB6AGM99E6,SRT
tx_3YXZTWW9C7,OBS
tx_K12TXGMJVD,SPK
tx_Z8TGYD43H2,Stars of Lyra
tx_W6EHC44Q4V,Yunkui Summit
tx_CJN6DMT8BQ,Mockingbird
tx_YW58G2QSRE,Gentle House
tx_VRM2M0YD2A,LYR
tx_K1RND3SFKX,YKS
tx_ZB4SQT0K00,MKB
tx_9SA3Q5K498,GTH
tx_Z24XGMJ5JX,Juggernaut
tx_RBX8B7058H,Bastion
tx_M89YA062NF,Ironhide
tx_GGJEWEG94S,Triumph
tx_J5EE79WPV8,Wrecker
tx_W22P7Z4HZW,Headsman
tx_ANF9YP2GPF,Reaper
tx_5R2STKZ5D0,Overdrive
tx_5X7AC4QF0A,Blitz
tx_CVK6DX95NY,Zephyr
tx_41V98MQ2XB,Siren
tx_A8C1G1YY2A,Marshal
tx_Y3VQ5FBM8R,Guardian
tx_F0KPNNB2XQ,Caprice
tx_VP2TEEDYJH,Alchemist
tx_GKQSB786K8,Verdict
tx_FC4KKM02YT,Tempest
tx_Z7FS3ZHJT5,Scavenger
tx_D59GX22TXW,Payload
tx_70SB2CZWJ3,Barrage
tx_ZANV15GN4C,Deadeye
tx_ZBBZHFMCCX,Han Seo-jun
tx_PHJPVGVRWA,Lee Do-yun
tx_RH8AJM213Z,Kang Min-ho
tx_1YCHP4S4CR,Park Ji-hoon
tx_3Y6BR2QTX3,Choi Yu-na
tx_3H9HPRDVX6,Jung Ha-rin
tx_C5QAFP4992,Yoon Jae-hyuk
tx_0DK3G2N907,Oh Se-rin
tx_G8VDGNQCGR,Lim Tae-kyung
tx_BZ2G77ZD3W,Moon Ga-ram
tx_SEY9C6TFDR,Seo Ji-an
tx_KTBPN7EMPH,Bae Hyun-woo
tx_Q07NDPDD2A,Cho Eun-chae
tx_X7KY700EB3,Shin Woo-jin
tx_DX1085NGYG,Hwang Bo-ram
tx_6NTF126396,Kim Na-rae
tx_6KTZ6M91H0,Yoo Geon-woo
tx_WGNEE4ZXQ4,Namgung Byeol
tx_93DNF2H8DK,Cha Do-hyun
tx_H0RPTYH8T9,Baek Ha-eun
tx_B0BMAWJ7W0,Noh Seung-min
tx_1B1ZHR2JX6,Ha Ye-rin
tx_J8VCATJ5GB,Esports Daily
tx_576HKVWRTP,League Weekly
tx_MH87R5EDPY,Game Today
tx_4TZJ9Q0G4G,Lee Su-min
tx_THE6R4CQ6E,Jung Da-som
tx_BC21PAPGSB,Oh Jun-hyuk
tx_B51JC1CE6P,Yoon Chae-won
tx_39P1DAPENB,Jang Tae-yang
tx_MM1KDPB7HD,Seo Ji-won
tx_31Y6PBHHBN,Eom Da-on
tx_MZ9AT1W8VN,Lim Geon-ho
tx_13Z86ZG39Q,Han Byul
tx_GJ2STBMZ72,Bae Jun-seo
tx_5N22GECH68,Song Min-jae
tx_D6P585S32D,Kwon So-yul
tx_VNM0MTM188,Hwang In-sung
tx_TV2BGMCWJH,Noh Yu-jin
tx_SD9YWPYDJP,Shin Dong-wook
tx_BF8HV59Q7R,Jo A-ra
tx_M4JWE3CTDD,Kim Ba-da
tx_77DSWSBQCW,Ryu Si-on
tx_9ZFPBR8QPR,Roam
tx_C4W31AM5G6,Hold Position
tx_KDQGE48ZGV,Performance
tx_AN0MJ4GPHD,Opportunist
tx_X859HHE121,Accumulation
tx_3GM34YCZCB,Ops Prep
tx_JTPRQSEZV4,Scheme
tx_QC4MS74FNX,Recall Order
tx_B2MHCM6EQX,Veteran
tx_GDMDC99PSR,Dragon's Blessing
tx_63MS41MFH9,Hunter's Reward
tx_HS2G4N0750,Unstable Cannon
tx_C2RTB06AXC,Backbone
tx_190GGZB4X7,Rookie
tx_7QG6M9A3EZ,Onslaught
tx_RGMCGVREFC,Elation
tx_32D4QTBRNK,Fierce Battle
tx_EJGKSFFT06,Battle Order
tx_EP8GXKMR0V,Plunderer
tx_GF6P7JK1SQ,Trophy Collector
tx_G17E13SA9T,Siege
tx_JX8C8KDANY,Versatile
tx_W6M5TMHY7G,ADC Hunter
tx_574WAHRC6Y,Aggressive Push
tx_ZHKC92QRTJ,Rivalry
tx_TCDPZKRX9M,"Activate: reduce the cost of the cheapest move card in hand to 0. If there is no move card in hand, create {skill_roam_cards} Volatile [Move] {plural:skill_roam_cards|card|cards} in hand"
tx_01QXXQC4VE,"Activate: for {skill_hold_turns} {plural:skill_hold_turns|turn|turns}, growth gain {skill_hold_growth_rate_signed_pct}%, laning {skill_hold_lane_stat_signed_pct}%, can't use move cards, can't join objectives"
tx_M9HDA7991Z,"Gain {skill_performance_charge_gain} {plural:skill_performance_charge_gain|token|tokens} each time this player uses a card (max {p2})
All pilot stats {skill_performance_per_charge_signed_pct}% per token. Lose {skill_performance_death_loss} {plural:skill_performance_death_loss|token|tokens} on leaving combat"
tx_SBZ2RGCFC4,"If an enemy pilot is killed during an engage, that engage temporarily gains {skill_opportunist_rounds} more {plural:skill_opportunist_rounds|turn|turns}"
tx_HCG34G4447,"Gain {skill_accumulate_charge_gain} {plural:skill_accumulate_charge_gain|token|tokens} every turn (max {p2})
Growth gain {skill_accumulate_per_charge_signed_pct}% per token"
tx_QW0WRK5W71,Activate: all cards cost -{skill_ops_prep_discount} this operation phase
tx_QR155GH2K5,Activate: give Preserve to {skill_scheme_cards} {plural:skill_scheme_cards|card|cards} in hand
tx_57FEQZSD9W,Activate: create {skill_recall_order_cards} Volatile [Recall] {plural:skill_recall_order_cards|card|cards} in hand
tx_84VS0JAK7A,"Battlefield hit {skill_veteran_hit_early_signed_pct}%, battlefield evasion {skill_veteran_evasion_signed_pct}%
From turn {skill_late_game_turn}, instead battlefield hit {skill_veteran_hit_late_signed_pct}%, battlefield evasion {skill_veteran_evasion_signed_pct}%"
tx_MBAK27KBCX,"Gain {skill_blessing_charge_gain} {plural:skill_blessing_charge_gain|token|tokens} when the Dragon objective appears (max {p2})
Activate: spend {p1} {plural:p1|token|tokens}, strategy points +{skill_blessing_strategy}, draw {skill_blessing_draw} {plural:skill_blessing_draw|card|cards}"
tx_8CE3SCE28Y,"On taking part in a kill, growth gain {skill_hunt_reward_rate_signed_pct}% for {skill_hunt_reward_turns} {plural:skill_hunt_reward_turns|turn|turns}"
tx_4M0MCHFQTA,"Damage dealt {skill_cannon_early_signed_pct}%, damage taken {skill_cannon_early_signed_pct}%
From turn {skill_late_game_turn}, instead damage dealt {skill_cannon_late_signed_pct}%, damage taken {skill_cannon_late_signed_pct}%"
tx_C9RZZHW1KH,"Game start: move all of this player's cards to the discard pile
From turn {skill_late_game_turn}, laning stats {skill_backbone_lane_stat_signed_pct}%"
tx_AYBPPVM8XW,"Gain {skill_rookie_charge_gain} {plural:skill_rookie_charge_gain|token|tokens} every turn (max {p2})
At max tokens, create {skill_rookie_cards} [Hot Hand] {plural:skill_rookie_cards|card|cards} in the deck. Tokens reset on leaving combat"
tx_9GG6D1MMYT,"Gain {skill_surge_charge_gain} {plural:skill_surge_charge_gain|token|tokens} each time this player's attack card hits (max {p2})
Battlefield hit {skill_surge_hit_per_charge_signed_pct}% per token. Tokens reset when the operation phase ends"
tx_MGSQQPTAMH,"Gain {skill_elation_charge_gain} {plural:skill_elation_charge_gain|token|tokens} on winning a Dragon or Herald engage (max {p2})
Activate: spend {p1} {plural:p1|token|tokens}, create {skill_elation_cards} [Adrenaline] {plural:skill_elation_cards|card|cards} in hand"
tx_N9H0VY8ZYD,"Activate: search {skill_fierce_battle_search} of your engage {plural:skill_fierce_battle_search|card|cards}. If there is no engage card in the deck, create {skill_fierce_battle_cards} Volatile [Open Engage] {plural:skill_fierce_battle_cards|card|cards} in hand"
tx_F6ZPD3B8SJ,"Activate: this operation phase, engage cards cost -{skill_battle_order_discount}, engage turns {skill_battle_order_rounds_signed}"
tx_X3DDB1ERMS,"Gain {skill_plunderer_charge_gain} {plural:skill_plunderer_charge_gain|token|tokens} on taking part in a kill (max {p2})
Activate: spend {p1} {plural:p1|token|tokens}, create {skill_plunderer_cards} Volatile [Plunder] {plural:skill_plunderer_cards|card|cards} in hand"
tx_1Y0CR9P495,"ATK {skill_loot_atk_per_charge_signed_pct}% for each different enemy pilot you help kill (max {p2})
At max tokens, an extra ATK {skill_loot_atk_full_bonus_signed_pct}% (max ATK +{loot_max_atk_pct}%)"
tx_NVABXT94CT,"Start with {p2} {plural:p2|token|tokens}. Gain {skill_siege_charge_gain} {plural:skill_siege_charge_gain|token|tokens} when a turret is destroyed (max {p2})
Activate: spend {p1} {plural:p1|token|tokens}, the next engage card gets {skill_siege_rounds} more engage {plural:skill_siege_rounds|turn|turns}"
tx_ARWJETFT72,"On an HP-type mech: presence +{skill_versatile_presence}, max HP {skill_versatile_mult_signed_pct}%\nOn an attack-type mech: presence -{skill_versatile_presence}, ATK {skill_versatile_mult_signed_pct}%"
tx_A2VY834WBK,"When joining an engage, if there is an enemy ADC pilot, the first attack always targets that ADC pilot with ATK {skill_adc_hunter_atk_signed_pct}%"
tx_BVQZZBG33F,Activate: create {skill_aggressive_push_cards} Volatile [Advance] {plural:skill_aggressive_push_cards|card|cards} in hand
tx_KR207W6TG7,Compared to the enemy pilot in the same lane:\nBehind in growth: growth gain {skill_rivalry_growth_signed_pct}%\nBehind in kills: ATK {skill_rivalry_atk_signed_pct}%\nAhead in deaths: max HP {skill_rivalry_hp_signed_pct}%
tx_JJ1888Z56T,Tap to close
tx_82VAW6FK9Y,Mental check passed
tx_2QWW8CPTXR,Mental check failed
tx_5V87JZGAVT,Choose your answer
tx_VT90YHN4YW,No questions today.
tx_M9QFMYB5Y8,{phase} · Week {week} · {outlet} reporter
tx_BM3F8A8DQV,Esports
tx_MC4YJKBSC1,Esports Daily
tx_A2A40ZTSPV,Great. We'll look forward to the weekend match.
tx_7TV9CHPBCD,Team trust +3
tx_PMZES297S0,Manager mental +1 (2 wks)
tx_RX2N12A2AY,Many say this weekend's opponent is a tough one.
tx_C8YQ4ENXAX,"Honestly, are you confident you can win?"
tx_0N9CGRDHQR,The press seats fall silent for a moment.
tx_MJR4D42R8V,We've already finished analysing our opponent.
tx_YJW2C8ACF4,Then where is this week's training focus?
tx_4VV2GXH1SC,I trust my players.
tx_CNG6CVP5YY,"It won't be easy, but we've prepared something."
tx_RRC4PCP2TY,That's a rather rude question.
tx_EE0N2F6MX7,"Honestly, are you confident you can win? Your head-to-head record last season was poor, and most analysts say their jungler is at peak form."
tx_8GCQCKHZSB,"It won't be easy, but we've prepared something. We'll show you on match day, so look forward to it."
tx_CYGR6J73XX,Sharp Eye
tx_1E4NWHCFMH,Light Feet
tx_WACC2C0HFM,Brawler's Instinct
tx_0AYXJYXGR5,Steady Hands
tx_VSNP1K2HN2,Aggressive Streak
tx_S44JV6K81D,Iron Stamina
tx_43NMPETEJN,Hunter
tx_7H3MC8ST31,Melee Master
tx_B44F1ZRV5V,Indomitable
tx_3Q7114R6SF,Explosive
tx_ZNCXG862TG,Shadow Step
tx_8GMS4ZMMM0,Sense of Balance
tx_74FT3NG96S,One with the Main
tx_SKX3980NZ4,Position Specialist
tx_9EBPK4CZKY,Iron Wall Guardian
tx_QWZBQFGYDS,Assassin's Instinct
tx_41ZA0ATDFP,Marksman
tx_KEMWNM8WAB,Bond with the Machine
tx_0WJHVJBXGJ,Never loses a target on the field
tx_ABZZPKPCYQ,Reads the line of fire first and steps aside
tx_2MJGGBBG8W,Strikes first once an engage begins
tx_TPN738KR73,The controls stay steady even in a brawl
tx_F7BMZSBRHB,Firepower climbs more steeply with growth
tx_E7ARY2RD8Y,Keeps the mech standing longer as it grows
tx_KGE8JZ4FD1,Both chasing and evading sharpen on the field
tx_VRXTZ6J5VN,Feels right at home in an engage
tx_G78PW2KHPR,"Looks ready to fall, yet holds on to the end"
tx_7FRCXP4PHE,"Once fired up, the firepower comes in waves"
tx_XBD561TVAG,Moves in a way that is hard to hit anywhere
tx_H9SG1KJ7VG,Leans neither to offense nor defense
tx_NG3XEEHSFB,Becomes one with the mech when riding a main mech
tx_5234BFCRX4,Shows full skill in a mech of their own role
tx_BJP0GG5N68,Never crumbles when riding a tank mech
tx_423T378EFS,Goes for the weak spot when riding an assassin mech
tx_HCTF0FH7HK,Never wastes a shot when riding a marksman mech
tx_X44QXQ1EJK,Grows sharper in mechs at mastery Lv3 or higher
tx_PT2W70YDR1,riding a main mech
tx_N5C2E6FQ2F,riding an own-role mech
tx_VXEP932PHS,riding a {role} mech
tx_9PKMC5PHJG,mastery {tier} or higher
tx_63B5AMR6Y6,{stats} while {cond}
tx_J3Y69RGNTH,Opponent Analysis
tx_F4XDP3C9Q9,Raises the analysis rank of the chosen team by one.
tx_4YKPQENSGB,{team} · Analysis {rank}/{max}
tx_T7D9CGRHZ8,{team} · Analysis {rank}/{max} · Next opponent
tx_J4KMC49ABA,{team} analysis tier {rank}
tx_W59SNZ97CJ,No team left to analyse
tx_JFWCEN193R,Next opponent
tx_S4MP0P7FCH,Analysis {rank}/{max}
tx_GKADDT6VK8,Analyse
tx_RCS8QGHPPF,Analysing
tx_8EPYQF11Z2,Fully analysed
tx_N5KMGQJ8D2,Done
tx_1B74EM9AMW,Mech Study
tx_KHARDPAGQ1,All your pilots gain mastery on the chosen mech.
tx_M4GWN5P6GJ,No run in progress
tx_BKPE192XXS,{mech} mastery +{n}{extra}
tx_Q9N1WHEQBZ,Level up {list}
tx_BVA23HC92H,Quirks found {list}
tx_82EVYEXTWG,No mech to research
tx_40KE8V9E9S,Staff Scouting
tx_SKS0NQX6X5,Finds staff candidates you can hire.
tx_Q81FF70898,{n} staff candidates
tx_S481RSG7HB,No candidates found
tx_VRDNVZ10PA,No more staff to scout
tx_W0X6SW7323,Staff
tx_D6VFEA8FS2,{n} staff · weekly salary {amount}
tx_CZ4VNDDER3,No staff hired
tx_XVA01HKA07,Candidates
tx_BNEQQWKNPV,Dismiss
tx_1ZDA977HGZ,Hire
tx_YAF7YXS3BF,Scouting {percent}
tx_FH7332P9JX,{job} · {facility}
tx_WB2J502BG7,{job} · Unseated
tx_93W9A6R32X,Dismiss {name}
tx_ZXK676KV1N,Hire {name}
tx_HQYAA3A4GP,{job} · Weekly pay {salary}
tx_Q87CAKXEMP,Seated in {facility}: dismissing leaves that seat empty.
tx_Y8V52C12XE,Hiring sends the other {n} candidates away.
tx_C3D9TTX7RM,Shooting Drill I
tx_288T6NSM51,"On completion, adds one copy of this training course."
tx_CRDZVM594S,Shooting Drill II
tx_5H1AF87EJ5,Adds one copy; every owned course of the same line (also those on the board) rises to this level.
tx_Y0VAD18VWY,Evasive Maneuvers I
tx_AQV0FTJB5W,"On completion, adds one copy of this training course."
tx_S5BDGF3H6V,Evasive Maneuvers II
tx_NSEM58XZBZ,Adds one copy; every owned course of the same line (also those on the board) rises to this level.
tx_0GVRJWFGHF,Close Engagement I
tx_Q60T3VWG6B,"On completion, adds one copy of this training course."
tx_37MDDPRG9Z,Close Engagement II
tx_Y1MJ5HPDYA,Adds one copy; every owned course of the same line (also those on the board) rises to this level.
tx_H4PZBD0H2F,Reaction Drill I
tx_VF9GDD44PJ,"On completion, adds one copy of this training course."
tx_8PWMARC1YD,Reaction Drill II
tx_EQKVF3XHRB,Adds one copy; every owned course of the same line (also those on the board) rises to this level.
tx_DES565NJBB,Firepower Boost I
tx_7BWPQE649G,"On completion, adds one copy of this training course."
tx_C8K89H4B51,Endurance Training I
tx_F85JHZN635,"On completion, adds one copy of this training course."
tx_W35EV2FTR7,Basic Training II
tx_QDYMDSS6VG,Basic Training rises to this level — every empty board cell trains it.
tx_2BQGFBTYKJ,Quirk Discovery
tx_W546ZD811X,"On completion, adds one copy of this training course."
tx_XSTBV57D0E,Shooting Drill III
tx_5E3CWKKQFB,Adds one copy; every owned course of the same line (also those on the board) rises to this level.
tx_SDPXNP0NQD,Evasive Maneuvers III
tx_R5Z59C8P2S,Adds one copy; every owned course of the same line (also those on the board) rises to this level.
tx_BJ4QZRBHG0,Close Engagement III
tx_ATFEZQQVK4,Adds one copy; every owned course of the same line (also those on the board) rises to this level.
tx_K7WGTVEFYH,Reaction Drill III
tx_X27TBKZCCA,Adds one copy; every owned course of the same line (also those on the board) rises to this level.
tx_GAMEE4PGAP,Firepower Boost II
tx_F0NXFBTCD6,Adds one copy; every owned course of the same line (also those on the board) rises to this level.
tx_5M7A2T32PC,Firepower Boost III
tx_7GSA0GTTEN,Adds one copy; every owned course of the same line (also those on the board) rises to this level.
tx_ACNVBDVZ3F,Endurance Training II
tx_XJV44357RD,Adds one copy; every owned course of the same line (also those on the board) rises to this level.
tx_WR670VYFHD,Endurance Training III
tx_S099ZS5DSK,Adds one copy; every owned course of the same line (also those on the board) rises to this level.
tx_PJT2KQZGZ5,Basic Training III
tx_ECEXAYK1PE,Basic Training rises to this level — every empty board cell trains it.
tx_2X1PHJ4NWP,Basic Training IV
tx_XA7HGYCKK8,Basic Training rises to this level — every empty board cell trains it.
tx_G05GT07WXV,Quirk Rework
tx_383E3GST4M,"On completion, adds one copy of this training course."
tx_6AS2K331A0,Paired Discovery
tx_JV8PB8S2J5,"On completion, adds one copy of this training course."
tx_N8HTB1FG38,Unlock Potential
tx_X92ANSG0J1,"On completion, adds one copy of this training course."
tx_W2MN9NQEXX,Joint Training
tx_HA3VMQNNJ9,"On completion, adds one copy of this training course."
tx_CDQX93JGKY,Focused Lecture
tx_GCNV581S7C,"On completion, adds one copy of this training course."
tx_B6EPHBJW8X,Tactics Meeting
tx_1Q4R17PNKT,"On completion, adds one copy of this training course."
tx_4QAJJH1MQ7,Bootcamp Scrims
tx_Y8ZTXRQFFT,"On completion, adds one copy of this training course."
tx_7NCVP355BG,Mentoring
tx_963K9HZFF6,"On completion, adds one copy of this training course."
tx_16WJXM7YEQ,Field Training Camp
tx_0VWHVEM9F5,"On completion, adds one copy of this training course."
tx_EBFDNYKE96,Already own {tile} — nothing to gain
tx_6WVG8N4C08,{tile} +1 (owned {count})
tx_V9NPEPYYS2,{from} → {tile} (owned {count})
tx_5QB65MDX49,Empty cells now train {tile}
tx_S4PDAQDXKH,{weeks}-week research
tx_91QM7A45ZW,{weeks} {plural:weeks|week|weeks} left
tx_R2D1QEASCG,Researching
tx_NQ55SJ1GZZ,Paused
tx_2K7K3FW47B,Needs Lv {level}
tx_4Y88DKP9E7,Owned Courses
tx_F3AZ6WY1P2,Courses you can place on the training board. Tap one to see its details.
tx_ET86TTP31D,Run Cleared
tx_02GQ3R71G2,Run Failed
tx_ZPVTEEG9GC,Run Abandoned
tx_SR4J2S70Z7,Run Over
tx_34H19JKNZ2,Test run · profile unchanged
tx_N92BZJC4VE,True Ending
tx_BGD6ATN8E2,{n} {plural:n|outing|outings} · Promise kept
tx_942J829JEX,"Trophy in hand, {name} finally said what they'd been holding back."
tx_9NBP27YSKH,New Traits Unlocked
tx_A8KZA62SX8,Equip them from the Manager tab from your next run
tx_SQB3T3V911,Test run: not added to your profile
tx_QGD2NVYK77,Progress
tx_W3EY6C4QFN,Phase Reached
tx_EHJMQJG41X,Phases Cleared
tx_PXZTGCX8MB,Record
tx_3MAEFQKB2P,Titles
tx_J14VFZ8J4S,{n}
tx_5P10XTZ6PS,Score
tx_JBSDMB0A9F,Total
tx_90402NFY5K,Phases cleared × {n}
tx_Z0C504J650,Wins × {n}
tx_RF0FQRX947,Titles × {n}
tx_9AHQ3H3J1J,Clear Bonus
tx_5MP13PWYFM,Trait bonus × {n}
tx_RNSR0V2ZD7,Rewards
tx_PFPGKNBXJT,Test run: rewards not added to your profile
tx_HF4PD2NVB3,Coins
tx_Y1513M583R,Weekly Pass EXP
tx_P70DJG0Y69,Pass overflow → Coins
tx_4JW54W3MFD,Manager EXP
tx_ERBNFWJ2H9,New removal points (Manager tab)
tx_36E6M38JM0,Player Growth
tx_6DXJDQC258,Player EXP +{n}
tx_RQ4SQ39BQ7,Lv {from} → {to}
tx_RRX6FCNZ2Q,Run Achievements
tx_ZA35FTB9TG,No players recorded
tx_6DT1P5Z0AS,Run Settlement
tx_HG7GBCBDAD,No settlement to show
tx_84F8FGGM7Q,Your score and rewards show up here when a run ends
tx_HJ8PH2PZFQ,Scenario
tx_FB3QP9CS50,Team
tx_D251BAN217,Lineup
tx_5RQNNDMCG6,Couldn't read player data: {error}
tx_RCC5BQZPBZ,Salary Cap {n}
tx_21QQ3H8S23,The scenario sets the salary cap. You can't start if your five players' salaries exceed it.
tx_ZSHG5Y0W8Y,A bigger budget is easier: more staff means less to handle yourself.
tx_XVN27323X5,Budget {n}
tx_8V1SPJW32G,Facility Lv {n}
tx_MY16P7N64F,Handled by you
tx_24YRHG4GQQ,Total
tx_R8QCG9989H,Original team: {team}
tx_CZZWF7TJ6P,Breakthrough {n}
tx_NW5AR6YPWN,Training EXP +{pct}%
tx_ZNZXB9SW7Z,Player Stats
tx_A42YCZ0NFD,Pilot Skill
tx_1M14YHFYQV,No unique skill (unnamed player)
tx_341YBT1HWQ,Charge
tx_R41SZAKCGV,Passive
tx_8XPMQAH2H0,Not picked
tx_M4CGTEQHBN,Salary {n}
tx_86NEDS5QYC,Total {n}
tx_EYBMMZBQNA,Prestige preset: reset it in the lobby Manager tab
tx_S0XJ51Y6E7,{type} Manager · Lv {level}
tx_B12S7EKBRM,Trait bonus: all manager stats {value}
tx_N2RJ811ABT,Specialise in the lobby Manager tab
tx_Z2NY1CZZ5J,{preset} · Bonus points {bonus} · Trait changes save to this preset
tx_TJYP45JCHW,{pilots} {plural:pilots|player|players} don't match {teams} {plural:teams|team|teams} × {roles} {plural:roles|role|roles}
tx_1DJR2GT179,Unknown role {role} (player {id})
tx_YV2Y3QZY4S,Some of your players aren't on the league roster
tx_0PAP63X1Y1,Role {role} has {n} of your players (must be 1)
tx_NC5BF9FXM3,Role {role}: {n} remaining {plural:n|player|players} don't match {teams} AI {plural:teams|team|teams}
tx_42EJTTYFX4,{scenario} · Salary Cap
tx_8HD5KTG0WT,{scenario} · Salary Cap (traits {adj})
tx_4HM99WN4PS,Start failed: {error}
tx_EN0H79ACA8,Over the salary cap ({total} / {cap}). Pick other players
tx_PYSFH9VR8V,One per position: {n} / {max}
tx_Z7WZT1J6Q7,Lineup complete · {n} salary left
tx_RQV5HNW8TV,Lineup complete
tx_N58C8KX6P1,Start Game
tx_B0NGFXJ0F2,Rank {rank} · Lv {level}
tx_3PMG907FZ1,Select Scenario
tx_BBWCK9NDMS,The limit on the total salary of the pilots you can field in this league.
tx_WMF4H900Y6,Rookie League
tx_WHEYGN2VQZ,Super League
tx_FHYTT6JZHE,Low salary cap: two or three expensive pilots at most.
tx_4H2VGDNYW7,High salary cap: room for a roster of leveled-up pilots.
tx_NSX2CBE8GV,WORLD CHAMPION
tx_5WW618WEKX,Campaign complete! Regular Season International champions!
tx_YD9QSBBE5R,── Campaign Record ──
tx_6ZE7NQMPBZ,── Final Roster ──
tx_43PE998B9Y,Settle
tx_CZ5JRH7TF5,GAME OVER
tx_CPYGV0VH59,Settle
tx_EC5JJ7JJ79,Season Hub
tx_TS2F4HMZ50,My Roster
tx_J2MCV2WPXA,Start Week →
tx_ST353SNDF5,League Standings
tx_6C8H4243AF,Rank
tx_JJXZKV6K5R,Team
tx_ESS0Z9GK8W,W-L
tx_H17EQXSJDT,Win %
tx_X5HJZ9N50Q,PO
tx_PBF3EV0MYG,Tap a team to see its roster and scouting report
tx_ER5MBFDQR0,Playoff Bracket
tx_GB3H6SNA3T,The playoffs haven't started yet.
tx_99KJHVTRYT,International Bracket
tx_SF22TMBSQP,The international tournament hasn't started yet.
tx_191AFE0BN2,This Evening
tx_KPSWBTWZA0,Pick a player and choose tonight's activity (once per day)
tx_B7PQ84TQD5,Pass
tx_G02WWMW0B6,Current phase: {phase}
tx_QBXEZYQKN7,{phase} · Week {week}
tx_G2CRZNPFG8,Playoffs! Semifinal up next
tx_1Q5D5H8MKG,Playoffs over
tx_SN5F4S50QE,Champion: {team}
tx_AKWBHWXQKP,We won the title!
tx_9FQ300Q5NC,International tournament! 8-team bracket
tx_8MBQAK3YCS,International title! We are the champions
tx_64YSN9ZDR8,New phase: {phase}
tx_KMTPJRSHS8,Week {week} / {max}
tx_X85R7MCQ0K,This week: {slot} · vs {team}
tx_X1ZR4PHHXN,This week: vs {team}
tx_0JANWJ7HMM,No match this week
tx_DAGRD2AVXH,Playoffs
tx_1ABQDHR4ZF,Standings
tx_QQV79NETS2,In charge: {name}
tx_7T45Q9QVT8,Trust {n}
tx_KZRN3TT8CK,Champion: {team}
tx_7CKXJ6SNJY,Champion: {team} ★
tx_BK6M8XCBA6,Eliminated in {slot} of the {phase}.
tx_44WZH96TAR,Failed to win the {phase}.
tx_75WBMWK3YQ,Eliminated in {slot} of the {phase} playoffs.
tx_G91QZKMCGS,Failed to win the {phase} playoffs.
tx_G2TKVCGN91,Failed to qualify for the {phase} playoffs.
tx_0CPR1H6FJX,Final rank #{rank} ({win}W {loss}L)
tx_36VP9BEFGS,Campaign titles: {n}. Campaign over
tx_GA7T767F1Z,No upcoming match
tx_GE4R14G0HE,Next match: Week {week} {day} · vs {team}
tx_TESCZQ8CKB,#{rank} · {win}W {loss}L
tx_PK7CX8K2WS,#{rank} · {win}W {loss}L  · My team
tx_NK31W4V7FT,{win}W {loss}L  · My team
tx_DET3QJHZGK,Stage: {stage}
tx_09XMB9SGJS,No player match / finished
tx_KXMPKY0FJ4,Next match: {slot} · Week {week} vs {team}
tx_TK9A1AK7XE,Quarterfinals in progress
tx_QC6GN1KKC4,Semifinals in progress
tx_EVYVY83XJ6,Final in progress
tx_RTQWKSAYPK,Champion decided
tx_ZMNJRTQ4RC,Quarterfinal 1
tx_D05692FCNM,Quarterfinal 2
tx_89SK9FAWQC,Quarterfinal 3
tx_DNDDCSPQEE,Quarterfinal 4
tx_QXB3XY4AYX,Semifinal 1
tx_XXXNFX172K,Semifinal 2
tx_TRMS5ZZQY6,Final
tx_1K2R63NYA9,No training records
tx_Q5HXG4JY2G,Nothing scheduled
tx_77T88FPPVZ,{day}: No matches scheduled
tx_N3T6WKR43W,W
tx_E1RYA0YP6M,L
tx_ZM7B38RP90,Scheduled
tx_34Y51VRWE3,{team} win
tx_5MEB8RS07D,League
tx_1C5DFDPJPM,Starting the match takes you to ban/pick
tx_28YWCR88Y0,This match is over
tx_PEFCADMPP3,Mastery +{n}
tx_29AYJHE9CP,Mastery +{n} · {mech}
tx_GJ061P5G7K,Quirk gained · {name}
tx_BKSSGAQEKK,Quirk slots full. Nothing gained
tx_0HWTY9MN62,Quirks rerolled · {from} → {to}
tx_4WNY7FEE6D,No quirks to reroll
tx_YFPQYV0C4S,Quirk slot +1
tx_0QN35YWVZQ,Quirk {plural:quirk_slot_gain|slot|slots} +{quirk_slot_gain} ({n} {plural:n|slot|slots})
tx_ABWK6EAGAM,Quirk slots already at max
tx_FZ9J5EYXJH,Quirk
tx_55ZT5D24ZK,Quirk #{id}
tx_0H7MR6XZ5Q,Start Match
tx_QBJC7HSWEH,End Week →
tx_BG13VH48VC,Meetings {iv}/{iv_max} · Outings {out}/{out_max}
tx_R4XWZFXHFD,Trust Lv.{trust} · Outings {outings}
tx_G9WWN59WGH,Outing (used up)
tx_QYSSXAFB3S,Outing (Trust Lv.{n}+)
tx_0TJBQGEP0N,Meeting (used up)
tx_M4WBEB9G7X,This evening: Rested
tx_H8MV6KQN83,This evening: Meeting with {name}
tx_57AQ53NMQX,This evening: Outing with {name}
tx_QQ30F9E2AN,Turned in early for tomorrow
tx_YN104ZWYY7,No change
tx_335GAVH4SP,Incident: {tag} · {name}
tx_YVD35CHCCQ,Tap to respond
tx_PZ5E6THG9A,It passed without much trouble
tx_F19CKTWEZY,{day} evening · Meeting
tx_8EXSPR79YJ,{day} evening · Outing #{n}
tx_5GDZXY0QSR,{day} · Incident · {name}
tx_CPW05B0HB9,Morning
tx_XXVBB9VYQX,Afternoon
tx_5W9RGVB4BS,EXP +{n}
tx_TCFF8QQBA3,Stress {delta}
tx_B7175RYNW5,Out alone
tx_0WX5FQG1PV,Resting in dorm
tx_ME49NDMB1F,Nobody can be visited this afternoon
tx_NRH0Z789MC,Afternoon: Rested
tx_JT4H7JX5BF,Afternoon: Visit with {name}
tx_F8B4DZ53XB,Afternoon: Outing with {name}
tx_TB0M24CVNM,{day} afternoon · Visit
tx_7PKEPM8SGK,{day} afternoon · Outing #{n}
tx_G3FNS00AWW,Skip this afternoon?
tx_BVDJ9Q0CSD,"You can still visit a player. If you move on now, this afternoon counts as rest."
tx_CGHZDAMEAR,Skip
tx_C3T5QMKS85,Stats
tx_1EN72EY6WJ,Total {n}
tx_ETEBEXQ310,Trust Lv.{n} ({pct}%)
tx_S8N31JKDV7,{n} {plural:n|outing|outings}
tx_BW7K6B2QKP,Quirks
tx_K1AJHH3AP3,No quirks equipped
tx_PJXWJ5R6J6,Mech research
tx_X988TMMPYD,{mech} · {tier} ({value} / {max})
tx_H106HT101H,No mech lab research
tx_DY69B79HB4,Evening
tx_114TEDYXKT,Morning talk
tx_1SN8VDP0S4,No one to talk to this morning
tx_G18Q9X83C8,Talk
tx_7FRMF2A3ZK,Joint training · with {name}
tx_0ZK5QSV26D,Trust Lv.{trust}
tx_Y30YG2P1AK,Morning: Talk with {name}
tx_5Y82DHJ5DX,Morning: Talk with {name} and {name2}
tx_444WVNHT09,{day} morning · After training
tx_V0SAHDNET7,Skip the morning talk?
tx_H3RGAX8ZG6,You can still meet a player about today's training. Move on to the afternoon anyway?
tx_34NK587JXR,Match Prep
tx_2PHY0EQHSZ,Scout the opponent and finish ban/pick today · the match is tomorrow
tx_3MV5ZYWADH,Ban/pick done · Start Match goes straight into the match
tx_W7VJT121B2,Afternoon: Focus training with {name} · {course}
tx_64BZGJ4BTM,Afternoon: Talk with {name}
tx_VTXA6YGJ8E,Coach points {n} / {max} this week
tx_HSPG16C381,{day} afternoon · Talk
tx_5CGB20BWXX,{day} evening · Limit break
tx_5N8MET0QZT,Campaign {n} / {total}
tx_09VTB4JWBH,League {league} weeks · Playoffs {playoff} weeks
tx_TQT1N3PWTS,International tournament · {weeks} weeks
tx_5BX30JQVX7,DAY
tx_EVS2K4Z4YF,Settings
tx_4S0H7A92KR,Settings
tx_EB8R7HBW32,Language
tx_WH60K8T29E,Changing the language reloads the screen
tx_TAQGY61B4S,Close
tx_6Y7HJCQ969,한국어
tx_ZZA706T9ET,English
tx_5JNY44V34S,Couldn't save settings: {error}
tx_SFM8K5H3EW,Invalid number of draws
tx_KCMDA6JCSG,Nothing to pull
tx_Y938YWW8E9,No such level
tx_RFC7830G3H,Level not reached yet
tx_GP4MCK7RMY,Already claimed
tx_VXNZHCEFAY,This level has no reward
tx_51N87FRW51,This player isn't for sale
tx_2ZE844KZN9,Breakthrough Maxed
tx_8Z4YRYH43A,Not enough player shards ({n} needed)
tx_F242JS261M,Can't Craft
tx_TB3J7HQJGN,Owned
tx_9ZR3EBJ3SJ,Not enough trait materials ({n} needed)
tx_T7H4Y5BKRY,Not enough premium currency ({n} needed)
tx_XTX35YZZ5C,Claim All
tx_6ZYFMH4WG9,No rewards to claim
tx_VD3QJHNXCW,Claimed {n} · {rewards}
tx_H1GFQQ83Y3,Lv {level} reward · {currency} +{amount}
tx_2XPR1E8GP5,{week} · Resets in {time}
tx_ZQZY2WVPR2,"Finish a run to earn pass EXP equal to your run score. EXP past Lv {max} turns into Coins. Rewards must be claimed manually, and the pass resets every Monday at 00:00 (device time)."
tx_5NS864BVSS,{d}d {h}h
tx_GZ735QTDWP,{h}h {m}m
tx_JXF877Y58D,Claimed
tx_Z70PR5PYNY,"If a star tier with no players is rolled, the nearest tier is used instead. Duplicate players give a breakthrough (max rank +1), then player shards and rank stones once breakthroughs are maxed."
tx_5DHTBBFC6B,"If a rarity with no items is rolled, the nearest rarity is used instead. Traits you already own become trait materials."
tx_ZFYE3A1TJR,Player Recruit Rates
tx_DZEWNGHZ0V,Trait Research Rates
tx_G2YS4ZSTZT,NEW
tx_VHPZZPEA36,Break {n}
tx_AZP00WR13N,Shards +{n}
tx_CTPT6ZEXH5,Mats +{n}
tx_J2TT6QPKEW,Player Recruit
tx_7NDPFWQK3B,Trait Research
tx_PEPY8003ZH,Recruit Results
tx_W65CM8AH9Y,Research Results
tx_4TEB6HP1KS,"One of {n} named {plural:n|player|players} · Duplicates give breakthroughs, then shards and rank stones once maxed"
tx_59WEARXAX8,One of {n} manager {plural:n|trait|traits} · Traits you own become trait materials
tx_VX3QB7MM4B,{n}
tx_RN8BBG1945,Owned Players
tx_8H54MJW9G9,Owned Traits
tx_NKA1HERSF8,Recruit ×1\n{cost}
tx_PMSGMBWBC3,Research ×1\n{cost}
tx_QX8E358Q6Z,Recruit ×{n}\n{cost}
tx_BTVG6HH172,Research ×{n}\n{cost}
tx_XKMSGF34S8,{ticket}s are used first; the rest is paid in coins.
tx_8VFYRT9Z7Z,{ticket}s are used first; the rest is paid in coins. Recruit ×{n} gets {pct}% off the coin part.
tx_PWWSG8QS24,{ticket}s are used first; the rest is paid in coins. Research ×{n} gets {pct}% off the coin part.
tx_73MWJV0ATK,{currency} owned: {n}
tx_YB4E1VVJ83,"Buy the player you want. If you already own them, their breakthrough goes up (max rank +1)."
tx_GPSPYQ66XK,Breakthrough {n}/{max}
tx_3HQMAP64E2,Breakthrough\n{n} {plural:n|Shard|Shards}
tx_QSJ3WK35GE,Recruit\n{n} {plural:n|Shard|Shards}
tx_VG3HEEDMGR,Purchased
tx_0H7FHR6QYP,Craft traits you don't have yet with trait materials. Materials come from duplicate traits · the weekly pass.
tx_RJVBAG6C5S,Craft\n{n} {plural:n|Mat|Mats}
tx_MZNWK9RXXF,Crafted
tx_R1XHPF5T43,Trade one currency for another.
tx_ZKH36Y2DHV,Level-up Currency Exchange
tx_0JRJXF2REY,{cost} Coins → {gain} Level-up Currency
tx_C9WWYJXBJX,Owned: Coins {coins} · Level-up Currency {levelup}
tx_E51NFE2PBP,Buy Player Ticket
tx_31B82ZYQSQ,{cost} Premium → Player Ticket ×{gain}
tx_QNHGVNK6CC,Owned: Premium {premium} · Player Tickets {tickets}
tx_N2B0Y4ARHX,Buy Trait Ticket
tx_AB22WAZYYC,{cost} Premium → Trait Ticket ×{gain}
tx_MCFZFZ092Q,Owned: Premium {premium} · Trait Tickets {tickets}
tx_1EC5FAP3S1,Premium +{n} (dev)
tx_ZEBPJPHXNM,Premium currency is only a number on this device (no payments).
tx_FY1VMB56C5,Level-up Currency +{n}
tx_S7SCK16K72,Premium Currency +{n}
tx_45764DJF8W,Weekly Pass
tx_RXTX0AN6X0,Rarity
tx_R0CS831APJ,Rate
tx_ERGBMXG6XM,Items
tx_VSGTNVA2A5,Per Item
tx_PWQQ7TRXFX,Recruit
tx_MMHN8MG47X,Research
tx_G5263CMAY1,Shard Shop
tx_84MYVJ17GD,Craft
tx_NW50K9HBCE,Exchange
tx_33WRAHQJKW,View Rates
tx_G4RY3DMSCT,Dev Only
tx_68ZA6FCJGY,{currency} +{n}
tx_SDD8KRGMVC,Rank Stone Exchange
tx_CTQ9Z79KG5,{cost} Coins → {gain} Rank Stone
tx_AGWHRMH9AR,Owned: Coins {coins} · Rank Stone {stones}
tx_74MNNANQ3P,Rank Stone +{n}
tx_421YYZ77T9,Get Currency
tx_CNC9P5R2BY,Coins Exchange
tx_206ZCN3N04,Buy Premium Currency
tx_M5NTGX8A20,"Dev build: granted instantly, nothing is charged"
tx_0HBS4SSM70,+{n} bonus
tx_VD1519G313,₩{price}
tx_Q5PN94BZDF,Got {n} {name}
tx_B8CHFX90MS,This item is not on sale
tx_6C29X8HMEF,Stats
tx_E7KJ6CX53P,Effective = the value of whoever sits in the stat's facility (highest if several)
tx_JZ767X3S8Y,Temporary Modifiers
tx_7JFZR0GGGZ,No active modifiers
tx_ZZYKV0Z49P,Equipped Traits
tx_74QWFN3PWB,No traits equipped
tx_ZZ96FNYRG1,Staff
tx_CD2TKKXHA1,No staff hired
tx_98DBCCX28N,Your Own Tasks
tx_NAVZGR46XF,Assistant Manager
tx_MTHR7V5Z65,Training Coach
tx_8P1HK13HA1,Tactics Coach
tx_TZ9S2MMWFR,Mech Coach
tx_V1DKE84TKG,Analyst
tx_FHY5SA834Z,Budget Manager
tx_BA7WKSR7T3,You arrange the training board yourself
tx_HJ5140D8ZV,Tactics research: training grade unlocks use your own value
tx_9S0ZQ6TATW,You assign mech research yourself
tx_E5FXATCCK9,Pilot incidents are handled with your own value
tx_XXHPJERZWS,You interpret opponent analysis yourself
tx_PMHXE14RTX,You handle budget allocation · facilities yourself
tx_R66AGDTB45,Delegated {n}/{total}
tx_P4RN9YMP6Y,Weakest {stat} {value}
tx_6FH9E36V7P,Covered by {owner}
tx_D3S1XTR1W7,Manager (direct)
tx_XMXNN0N5GX,Manager {value}
tx_RDDPK9RCAW,Asst {value}
tx_HKMY6VMYNW,{stat} {delta} · {weeks} {plural:weeks|week|weeks} left
tx_QF5YDBZ2X4,{stat} {delta} · {weeks} {plural:weeks|week|weeks} left · {source}
tx_TZARXTP3WC,Bonus points {points} · Equipped {n}
tx_XS9W0R9CKV,Total weekly pay {amount}
tx_SXR6V4JTZA,Weekly pay {amount}
tx_ZVYS7H40JE,· {stat}: {task} (Manager {value})
tx_A4NC7JYWQD,· Meetings · outings: always the manager personally (Mental {value})
tx_97DETEXCE3,{facility} {name} {value}
tx_9B0ETTHSKC,{facility} empty
tx_AZCFT9CABX,Nobody seated — base {value}
tx_N89Y3TAZD7,No facility — the manager's value
tx_ZCMEEQYRW3,Manager {n}/{max}
tx_NQEYKJVS9T,Unknown staff
tx_QBWAB99S47,Already on the team
tx_EXARC6PA1N,Not on the team
tx_7NY5TT0SJT,Top budget: you only run strategy cards and player talks yourself
tx_0G5Q0GF81D,High budget
tx_B761YRXYA9,Upper-mid budget: you set the training schedule yourself
tx_94KMS9GQH0,Mid budget
tx_G20TF9A18T,Mid budget: you manage mech mastery yourself
tx_5J2FWDTHHS,Lower-mid budget: you interpret opponent analysis yourself
tx_2B5FE3RAFT,Low budget
tx_KRQHGMFDHP,"Lowest budget: you handle budget allocation, facilities and salaries yourself"
tx_WGVRW01FAK,Top
tx_AEVV05C031,Jungle
tx_AJHRSFRY14,Mid
tx_6FWKS7JH3P,ADC
tx_KAGZSJJGSE,Support
tx_EZBAMWAM4S,All positions
tx_WSNKE2621M,Tank
tx_4D3831EB17,Fighter
tx_M2AK1SVDPW,Assassin
tx_056W6M8DFW,Support
tx_MZDH1STRBM,Sniper
tx_AWJ076K0Q7,Mon
tx_0J2DR8DPC8,Tue
tx_BVST3R7BK6,Wed
tx_MVCR2S5R3Y,Thu
tx_16NB4JJ5HY,Fri
tx_6F2ZGR3FA4,Sat
tx_M7PKB0X6R3,Sun
tx_HEGYK4ZZY2,Monday
tx_KTHPN0ZYJY,Tuesday
tx_GS42FX0A7J,Wednesday
tx_AMZGQ0W711,Thursday
tx_CTKDXZ6N8Y,Friday
tx_A2V55CP2PG,Saturday
tx_2T8VNW898G,Sunday
tx_H0KFNYPAP5,Preseason
tx_7FMTNWDQEH,Preseason International
tx_R7989QWV9W,Midseason
tx_X2MAQTBFYH,Midseason International
tx_1476RV94TH,Regular Season
tx_FDBQJHRWBQ,Regular Season International
tx_XG1M9ND3NM,International
tx_ST46WS1MDQ,Battlefield Hit
tx_45H5GEFYKX,Battlefield Evasion
tx_Z9BYFSRBZ5,Engage Hit
tx_E81Q2HB2QS,Engage Evasion
tx_NZ8J811NK6,ATK Growth
tx_9SGTNE082E,HP Growth
tx_1M94DFD405,B.Hit
tx_FYFAJ8GC5N,B.Eva
tx_FCMSTM5MAK,E.Hit
tx_SN9QJ1JZF0,E.Eva
tx_RNKSXJ1BRC,A.Gr
tx_VQ5EQRK722,H.Gr
tx_NP797WYRHS,Used for hit checks of battlefield engages and attack cards. The ratio to the opponent's Battlefield Evasion sets the chance.
tx_ZXHHD0P38E,Lowers the chance of being hit on the battlefield. The ratio to the opponent's Battlefield Hit sets the chance.
tx_X87R5A0F2R,Hit used only on the engage stage. Separate from Battlefield Hit.
tx_09KVNQHFWR,Evasion used only on the engage stage. Separate from Battlefield Evasion.
tx_W8S8Z4NAEW,"How fast growth turns into ATK. ×1.0 at the baseline, with no cap."
tx_C4S174WKKD,"How fast growth turns into Max HP. ×1.0 at the baseline, with no cap."
tx_2EY9076J9H,Growth
tx_P3CT377PM2,Engage
tx_38BCDRTBF7,Ambush
tx_1A1V3BA2AF,Attack
tx_C2DPZG9YQF,Defense
tx_25DP1B49ED,Utility
tx_9T5PRVVM4E,Draw
tx_4M1A6Z1EJA,Jungle
tx_5A1V09D3HA,Laning
tx_AXHT969FXE,Common
tx_D41QQZRCGD,Uncommon
tx_2VJCYJ4V0W,Rare
tx_HQ80SX4DB0,Epic
tx_T1GJ91RP73,Legendary
tx_0KSNX63V29,HP
tx_CT45F83FMW,Max HP
tx_DM2CD6EQG8,ATK
tx_M0NZA7QAV5,Shield
tx_VP2WZCKCPR,Presence
tx_25V6NCVTVV,Training Plan
tx_D6PVFND3FB,Mech Mastery
tx_22VDY4GM0D,Opponent Analysis
tx_MH05JHB9TC,Budget · Facilities
tx_68VDV4VS14,Engage
tx_YH61BAWPXA,Strategy Points
tx_T4AGVJ1QTV,Roaming
tx_5DBHZ89CP0,Growth
tx_8TD0YTVTEE,Objective
tx_Q2WE5344TP,Combat
tx_5PRQY2H55H,Support
tx_K15PVR5AZG,Kill Participation
tx_46JEWXCS33,Turret Destruction
tx_48MWZC5336,Vulnerable
tx_16H8JD32NR,Ally
tx_4HQK9Q9T8J,Enemy
tx_R68VA861B3,Level-up Currency
tx_PZBVMHMKQ5,Week {n}
tx_E5R6MY0APC,{n} wk
tx_08849WB92D,{win}W {loss}L
tx_PR6YFXCW5G,Manager
tx_MPYSG5BX0Y,Staff
tx_0ZQK3N7THW,Pilot Card
tx_QH1DC5S3H2,Mech Card
tx_SN7SJKAZQ2,Deck
tx_7ZE1GEB58D,Training
tx_BXYJXH1JEK,Press Conference
tx_F28RBDEGBX,Meeting
tx_1AHEKW5X7X,Outing
tx_FV39P9GPAJ,pilot stats
tx_CD7F656SAD,manager stats
tx_70VZVPK01J,mech stats
tx_WEMGESKYB6,Owned Players
tx_T4AQ20H32S,Charge
tx_4E9EYFHCMT,Passive
tx_R5P3SNJTFY,Cooldown
tx_X43BN649C3,Coins
tx_CT27Z5QXZ6,Player Ticket
tx_K2JE76Z638,Trait Ticket
tx_HY7DQNPK90,Trait Material
tx_95RWKDGXRT,Cosmetic Currency
tx_BZBSE52DHH,Premium Currency
tx_V9830054XS,Player Shards
tx_RYDV3SGR93,Training
tx_9265Y1MCPW,Tactics
tx_K3FRY03EQK,Knowledge
tx_3P9850FA1G,Mental
tx_Z1HJZ9M6K6,Analysis
tx_SJJT6G3QTG,Management
tx_0RR59YT76D,All pilot stats
tx_SVRFJDH55K,hand
tx_D0S7070T32,while held
tx_VPV5JM208F,search
tx_DM7HJ301F1,discard pile
tx_6VVGYKXZSK,draw
tx_F3A6GQEVFX,discard
tx_2T8RX9PWGV,operation phase
tx_F597JS5T37,strategy points
tx_WBS95M3MNQ,growth points
tx_9NMN77M8D7,cost
tx_XW85A9FY8B,caster
tx_TCBRJ43P81,sure-hit
tx_QHPJ926D6F,tile
tx_1KKRE8N775,tiles
tx_VD4SPQQEES,card
tx_5V4VYG9XPE,cards
tx_H89Y7GFPWP,turn
tx_3PES5W2PRP,turns
tx_JAYQJ6YQE0,token
tx_BBFEFTT649,tokens
tx_ZDCE5BNZ0Y,time
tx_QH6X0ZHGPS,times
tx_HZJA6JHW21,week
tx_RE3J5S0400,weeks
tx_D35G0Z90KF,point
tx_ARZ9Y1M2K8,points
tx_SBNQ8FZ5MA,slot
tx_R3FWHSV8NN,slots
tx_3ZSF3DW62X,player
tx_3HRCFHPCM4,players
tx_GW0QTR6A5N,trait
tx_BCYB93VHH3,traits
tx_Z7GFC4Q1W1,win
tx_RJ2DDQAAYX,wins
tx_ZGP8KW41CF,outing
tx_5A9Y0AJYCD,outings
tx_3KCBX2EWCN,team
tx_ZBKRYJ8XE0,teams
tx_JRJS1G2Q8Y,create
tx_82SYZ18YM0,copy
tx_Z7T7JK8FYC,copies
tx_D1T42QFP6V,Exhaust
tx_SJ5QM4RPT6,Preserve
tx_XT72XP34EJ,Volatile
tx_HHR746K1D3,Charge
tx_VDYX47TMCF,Reposition
tx_KXN7MDVXDA,Track
tx_HPPDS4VKWD,Reactive Armor
tx_DG1DJNPNVF,Mark
tx_WSY436KCVQ,Bounty
tx_EQ77MGHTT1,Stun
tx_WAPNWFECJE,Vulnerable
tx_9Z3YXBGMTT,engage
tx_95JG2WTYR0,Rank Stone
tx_ZNA4AGXBVT,★{n}
tx_K0DXAWF4R1,Rank {n}
tx_JAA94W3HZE,MON
tx_6TEJ91QHN4,TUE
tx_HJHGWHQ20R,WED
tx_PXK50FC8R6,THU
tx_GJ2EZP9SNV,FRI
tx_4Q8SQ2B532,SAT
tx_2RS3PT0FNM,SUN
tx_KEVDQS5CGB,Basic Training I
tx_SN9RWDKSD9,Basic Training II
tx_ETXQNX2FF3,Shooting Drill I
tx_DYKR3KZW2R,Evasive Maneuvers I
tx_E8AJQ6WVHS,Close Engagement I
tx_Z2QHPPQ7QN,Reaction Drill I
tx_6PFR1BYJ2Q,Firepower Boost I
tx_RZMEH6PFCE,Endurance Training I
tx_V37TNBJQV9,Joint Training
tx_T4WV59VSPB,Focused Lecture
tx_X4QVQX3E4B,Tactics Meeting
tx_Z7JQDJ9DV2,Bootcamp Scrims
tx_CHY4PWBWTD,Mentoring
tx_D40J2EG75V,Field Training Camp
tx_XXMTB9J4JQ,Quirk Discovery
tx_JWT9F5YXD6,Quirk Rework
tx_6ZSE84YQEQ,Paired Discovery
tx_YN1A3HKZJP,Unlock Potential
tx_P1CKYTK666,own cell
tx_ZG7GGG6T7Z,next day
tx_D2YYWAW6AG,previous day
tx_E5H0S3K61B,that pilot's whole week
tx_WWJP1XVDZ2,all earlier days
tx_ZDJ0NDN9G9,all remaining days
tx_857EF7RCMM,"left pilot, same day"
tx_BTPJVKAJ67,"right pilot, same day"
tx_D88VQ1QDV7,"other pilots, same day"
tx_693VGK3CSZ,"Gain quirk (fills an empty quirk slot at random; higher Knowledge, higher grade)"
tx_6AGR4JDDA3,Reroll quirks (redraws every equipped quirk)
tx_CP2SBG1V2R,Quirk {plural:quirk_slot_gain|slot|slots} +{quirk_slot_gain}
tx_7AYTNKWZ13,{scope}: training effect {pct}%
tx_8M81KN05QP,{scope}: {stat} {amount}
tx_4FZGJ5J85K,Trained pilot: {op}
tx_M8FGBCRE85,No EXP
tx_HAH93PRWJJ,No EXP (the day goes to quirk training)
tx_8C0EV0B2WT,Mech mastery +{n} (research mech)
tx_B7Y34DBG5A,All pilot stats +{n}
tx_TC94WX8SJC,{stat} +{n}
tx_8A7H4WFZ7K, · 
tx_T4X3A068J1,Daily Training Plan
tx_7R4RBG1N47,Training Courses
tx_GJCV7B4T36,Clear Board
tx_4ZC95B7Y0R,Coach's Pick
tx_HN9EHFNSJ1,Confirm Training
tx_BZ8CPNHN9V,{effect} · Up to grade {grade}
tx_XM1SPM1990,Training effect ×{mult}
tx_106TT6ZFPV,Training effect ×{mult} ({parts})
tx_9HK1CX3AS3,Finance
tx_DWEX5CKQ69,Traits
tx_NCRNZK44YE,{stat}: Coach {name} {value}
tx_8V6MVWWBTF,{stat}: Assistant {name} {value}
tx_ME5MJKE2GD,Needs Tactics {n}
tx_4X2JSX6BJA,{reason} (Tactics now {n})
tx_AKX9JC564C,Basic Training III
tx_M93TH8WA3N,Basic Training IV
tx_X60W879MF5,Shooting Drill II
tx_E5BCQFXVA9,Shooting Drill III
tx_7BZC8083FZ,Evasive Maneuvers II
tx_X37TXGN9QS,Evasive Maneuvers III
tx_YP0KMHFZ2H,Close Engagement II
tx_YGHJJ2XYDE,Close Engagement III
tx_HPE2AGS72N,Reaction Drill II
tx_4DNCEM3K4T,Reaction Drill III
tx_67HRWPCEBE,Firepower Boost II
tx_J7C56J00N6,Firepower Boost III
tx_BFBZYQPMDG,Endurance Training II
tx_E7XM9N13SW,Endurance Training III
tx_HBKHP46T46,Lv{n}
tx_HWDK2ZGNYZ,Lv {n} / {max}
tx_MQTEGWC568,Awakening level EXP {exp} / {need}
tx_5FXPMDAP4K,Plateau reached — needs a limit break
tx_800W06DJMX,Max level
tx_17R6TM4FN4,Awakening Level
tx_KGSV1ERB23,Limit Break
tx_P90CMSBJP0,KDA {kda}+ over the next {n} matches
tx_6GXZRX4SPP,"Most kills in the game, {n} matches in a row"
tx_1BSCN8N7FE,Take {need} objectives by turn {turn} over {n} matches
tx_6DMM2FHRF3,MVP of the next match
tx_4C8T8AQG75,"Most growth earned in the game, {n} matches in a row"
tx_Q8Z751P204,"Most turret damage in the game, {n} matches in a row"
tx_YZN4NN2KCC,"Most shielding and healing in the game, {n} matches in a row"
tx_T8XRTXGC5D,On success: all stats +{gain} · awakening level bar opens again
tx_N55ME7YEYY,New goal: {goal}
tx_JZQ1JZRHPM,Goal — {goal} ({progress})
tx_0BVZ0NR212,{have}/{need}
tx_1ZM6HE38ZP,KDA {v} / {need}
tx_WDHZDJF3V7,{name}: limit break! Awakening level Lv{n} · all stats +{gain}
tx_0P8318871G,Training — {parts}
tx_41TFBZ6P0C,{fac} {name} {value}
tx_TTT7SGWMV6,Field
tx_ZAGAHJXF2V,Engage
tx_12SWRVVP9V,Growth
tx_AJKVZQH4TF,{fac} ×{mult}
tx_EJXYR1ZTRE,Training effect {parts}
tx_BXBGNK9B53,Training effect {parts} ({extra})
tx_QQVPQ29K6X,Training Fanatic
tx_6HSK5W6C20,Mech Researcher
tx_SJVSQJ1HZ2,Sponsor-Friendly
tx_JMPJ6K47G9,Warm Leader
tx_N2W6RZDRT6,Crisis Manager
tx_785Z4KHTFM,Well-Informed
tx_8S9EB13XAC,Negotiator
tx_DC53B4M5PW,Versatile Manager
tx_MFYESJ59SW,Facility Investor
tx_VNR03SJKHJ,Early Initiative
tx_4XZY5KHRZ5,Ready Hand
tx_G3BN9YGY08,Wide Hand
tx_ETRN537DKC,Precise Command
tx_GJ0X2PC4R9,Tactical Acceleration
tx_M54T29SWNW,Penny-Pinching Club
tx_7BGXQ78XMZ,Stubborn
tx_7NJPMJ0CCZ,Blunt
tx_AMWGWQJ60F,Troublemaker
tx_T16C9GBB7K,Payroll Pressure
tx_YESM7J9032,Poorly Informed
tx_Q41QQ7JC1Q,Aging Facilities
tx_3QS5VYW7HW,Slow Start
tx_5MBP9BZBQG,Small Hand
tx_45WMDVS2HM,Sluggish Command
tx_EV1KKPRV9X,Training EXP +{p1}%
tx_ZFJKYAYZP6,Mech mastery gain +{p1}%
tx_EDVTV9B889,Weekly sponsor income +{p1}%
tx_A735T32EGT,+{p1} extra whenever trust rises
tx_NJ8WFC7JTK,Incident chance {p1}%
tx_QWR2NXFX5M,Analysis reveal tier +{p1}
tx_E9N9BW8Q0V,Salary cap +{p1}
tx_6RMF7057WW,All manager stats +{p1}
tx_ECBMZ4X60B,Facility upkeep {p1}%
tx_V233CFRMZM,Opening strategy points +{p1}
tx_PQ6389S0B6,First auto-draw +{p1} {plural:p1|card|cards}
tx_3KQPNVDQG5,Max hand size +{p1}
tx_M929F4HK8X,First card cost each operation phase {p1}
tx_YFNHSQ5GJ5,+{p1} strategy points every {p2} {plural:p2|turn|turns}
tx_9XWKFPH3A6,Weekly sponsor income {p1}%
tx_T6TSR16X7E,Training EXP {p1}%
tx_35AVVM2TZS,{p1} less whenever trust rises
tx_GTHGAFSFYH,Incident chance +{p1}%
tx_TR33VGFNSG,Salary cap {p1}
tx_YBHFJVCTQZ,Analysis reveal tier {p1}
tx_53D7BPJQBK,Facility upkeep +{p1}%
tx_FNN91QZ7T0,First auto-draw {p1} {plural:p1|card|cards}
tx_6XQ3A0Q7JP,Max hand size {p1}
tx_6HNYQXB6DT,First card cost each operation phase +{p1}
tx_BG2JBV86HB,You can equip up to {n} {plural:n|trait|traits}
tx_F9NJXK31Y0,Unknown trait id {id}
tx_W81J1DFTY1,You can't equip the same trait twice
tx_YEBKNRWZXC,Trait not owned: {name}
tx_KB62EJTC17,Not enough bonus points ({n})
tx_YE7AM14AWS,OK
tx_GS4FN31BK4,Cancel
tx_R1DMEF1S3E,Close
tx_GNK4E0021C,Next
tx_MJ7K2HGT5F,Previous
tx_AT96DE2X15,Back
tx_SJYVDFB5JD,Buy
tx_6H9P8NYD5D,Claim
tx_H8Z5ZYFV5C,Exchange
tx_3RH196ZEX4,Continue
tx_5SH8D92XHP,Level Up
tx_RH1YF1BXER,Remove
tx_Z9ZF4N1PB5,Reset
tx_G4ST94AS6V,Use
tx_AXDS9AXT95,To Lobby
tx_1CXXKQSFYQ,Tap to continue
tx_RQE8VZW0ST,None
tx_18TM214PEP,All
tx_D6A8HQG31W,Current
tx_FCH5Y9PKAK,Locked
tx_MQ1VXWXR6C,Not owned
tx_BD4TNS9ZGD,No record
tx_KSPTT1YQVS,Max Level
tx_BPV8CFT8GC,Time Left
tx_TX2ZDJFW9T,Already at max level
tx_V9Y1AFMM59,Save failed: {error}
tx_RZZD6A6587,Profile save failed: {error}
tx_5QKX4WGHKZ,Not enough currency ({n} needed)
tx_R1GNPFSHS2,", "
tx_G8B83EH68G,Pick 5 players ({n} picked)
tx_XCDR7YYQ5X,Unknown player id {id}
tx_SB3Y7FCB40,Player not owned: {name}
tx_PFQCMGEGEZ,You can't pick two players for the same position
tx_70MQWR6PN8,{name} can't be picked at level {level}
tx_JZ4R0P1ESK,Over the salary cap ({total} / {cap})
tx_6SXP0BZA8B,Unknown team id {id}
tx_HEE9SJ62Q8,Unknown scenario id {id}
tx_VP8YTRQNQD,Manager preset: {error}
tx_GDG84BJV4A,Can't raise it any further
tx_9AYQATFV5B,Not enough level-up currency ({n} needed)
tx_07X2NJ1P4H,or
